sl_mult,tp_mult,min_adx,max_adx,min_rsi,max_rsi,min_vol_mult,use_ema,trades,win_rate,pf,sharpe,score
1.2,3.0,20,70,40,70,1.0,True,20,45.0,1.8482741641600688,0.27553537332585704,1.114244156745206
1.2,3.0,20,70,35,70,1.0,True,20,45.0,1.8482741641600688,0.27553537332585704,1.114244156745206
1.2,3.0,20,60,30,70,1.0,True,20,45.0,1.8482741641600688,0.27553537332585704,1.114244156745206
1.2,3.0,20,60,35,70,1.0,True,20,45.0,1.8482741641600688,0.27553537332585704,1.114244156745206
1.2,3.0,20,60,40,70,1.0,True,20,45.0,1.8482741641600688,0.27553537332585704,1.114244156745206
1.2,3.0,20,70,30,70,1.0,True,20,45.0,1.8482741641600688,0.27553537332585704,1.114244156745206
0.8,3.0,30,60,35,70,1.0,True,16,37.5,1.7815290851956052,0.24340643176366694,1.0519458289505361
0.8,3.0,30,60,30,70,1.0,True,16,37.5,1.7815290851956052,0.24340643176366694,1.0519458289505361
0.8,3.0,30,70,30,70,1.0,True,16,37.5,1.7815290851956052,0.24340643176366694,1.0519458289505361
0.8,3.0,30,70,35,70,1.0,True,16,37.5,1.7815290851956052,0.24340643176366694,1.0519458289505361
0.8,3.0,30,70,40,70,1.0,True,16,37.5,1.7815290851956052,0.24340643176366694,1.0519458289505361
0.8,3.0,30,60,40,70,1.0,True,16,37.5,1.7815290851956052,0.24340643176366694,1.0519458289505361
1.2,2.5,20,60,40,70,1.0,True,23,47.82608695652174,1.7092471279657782,0.24865237680192823,1.0478323002128398
1.2,2.5,20,70,30,70,1.0,True,23,47.82608695652174,1.7092471279657782,0.24865237680192823,1.0478323002128398
1.2,2.5,20,60,35,70,1.0,True,23,47.82608695652174,1.7092471279657782,0.24865237680192823,1.0478323002128398
1.2,2.5,20,60,30,70,1.0,True,23,47.82608695652174,1.7092471279657782,0.24865237680192823,1.0478323002128398
1.2,2.5,20,70,35,70,1.0,True,23,47.82608695652174,1.7092471279657782,0.24865237680192823,1.0478323002128398
1.2,2.5,20,70,40,70,1.0,True,23,47.82608695652174,1.7092471279657782,0.24865237680192823,1.0478323002128398
0.8,1.5,30,70,30,60,0.8,True,10,50.0,1.6787576895536533,0.23912531401024575,1.037203907578876
0.8,1.5,30,60,35,60,0.8,True,10,50.0,1.6787576895536533,0.23912531401024575,1.037203907578876
0.8,1.5,30,70,35,60,0.8,True,10,50.0,1.6787576895536533,0.23912531401024575,1.037203907578876
0.8,1.5,30,70,40,60,0.8,True,10,50.0,1.6787576895536533,0.23912531401024575,1.037203907578876
0.8,1.5,30,60,40,60,0.8,True,10,50.0,1.6787576895536533,0.23912531401024575,1.037203907578876
0.8,1.5,30,60,30,60,0.8,True,10,50.0,1.6787576895536533,0.23912531401024575,1.037203907578876
1.0,1.5,25,70,40,60,0.8,False,33,54.54545454545454,1.646146397007037,0.2336200171318442,1.0334335655662508
1.0,1.5,25,60,40,60,0.8,False,33,54.54545454545454,1.6366868568152786,0.2314059892396644,1.0282609898919357
1.2,2.5,20,70,30,60,0.6,True,19,47.368421052631575,1.6679606658710961,0.23409735883080468,1.0229050678596037
1.2,2.5,20,60,40,60,0.6,True,19,47.368421052631575,1.6679606658710961,0.23409735883080468,1.0229050678596037
1.2,2.5,20,70,35,60,0.6,True,19,47.368421052631575,1.6679606658710961,0.23409735883080468,1.0229050678596037
1.2,2.5,20,60,30,60,0.6,True,19,47.368421052631575,1.6679606658710961,0.23409735883080468,1.0229050678596037
1.2,2.5,20,60,35,60,0.6,True,19,47.368421052631575,1.6679606658710961,0.23409735883080468,1.0229050678596037
1.2,2.5,20,70,40,60,0.6,True,19,47.368421052631575,1.6679606658710961,0.23409735883080468,1.0229050678596037
1.0,2.0,25,50,40,60,0.8,False,27,48.148148148148145,1.6643468693163601,0.2313788919053522,1.0228936574836949
1.2,1.5,20,70,40,60,0.8,False,49,57.14285714285714,1.6093872780315748,0.22665419232812198,1.0214530489099831
1.2,1.5,20,60,40,60,0.8,False,49,57.14285714285714,1.6035078377548482,0.2251691716678346,1.0182163246395624
1.2,1.5,20,50,40,60,0.8,False,48,56.25,1.5503019056771639,0.20908660155070805,0.9857182731487235
0.8,1.5,30,60,30,70,1.0,True,18,50.0,1.5612736950625417,0.20954531226453757,0.9725459099841783
0.8,1.5,30,60,35,70,1.0,True,18,50.0,1.5612736950625417,0.20954531226453757,0.9725459099841783
0.8,1.5,30,70,30,70,1.0,True,18,50.0,1.5612736950625417,0.20954531226453757,0.9725459099841783
0.8,1.5,30,60,40,70,1.0,True,18,50.0,1.5612736950625417,0.20954531226453757,0.9725459099841783
0.8,1.5,30,70,35,70,1.0,True,18,50.0,1.5612736950625417,0.20954531226453757,0.9725459099841783
0.8,1.5,30,70,40,70,1.0,True,18,50.0,1.5612736950625417,0.20954531226453757,0.9725459099841783
1.5,2.0,25,50,40,60,0.8,False,25,56.00000000000001,1.5163794720224293,0.19638200575419754,0.9654661371620542
1.0,1.5,20,70,40,60,0.8,False,50,52.0,1.5364529628027115,0.20169873585006856,0.9645662285713695
1.2,1.5,25,70,40,60,0.8,False,32,56.25,1.5104505471931393,0.19470819494144995,0.9629169125848596
1.2,3.0,20,60,35,65,1.0,True,17,41.17647058823529,1.5938104714948802,0.206659220037419,0.9617664915196298
1.2,3.0,20,60,40,65,1.0,True,17,41.17647058823529,1.5938104714948802,0.206659220037419,0.9617664915196298
1.2,3.0,20,60,30,65,1.0,True,17,41.17647058823529,1.5938104714948802,0.206659220037419,0.9617664915196298
1.2,3.0,20,70,35,65,1.0,True,17,41.17647058823529,1.5938104714948802,0.206659220037419,0.9617664915196298
1.2,3.0,20,70,40,65,1.0,True,17,41.17647058823529,1.5938104714948802,0.206659220037419,0.9617664915196298
1.2,3.0,20,70,30,65,1.0,True,17,41.17647058823529,1.5938104714948802,0.206659220037419,0.9617664915196298
1.0,1.5,20,60,40,60,0.8,False,50,52.0,1.5303963953425213,0.20012979822675764,0.9612241573166121
1.2,1.5,20,70,40,60,1.0,False,43,55.81395348837209,1.5055273888126341,0.19447315792546527,0.9591001864565265
1.2,1.5,25,60,40,60,0.8,False,32,56.25,1.5017707798985567,0.19232521800924882,0.9581004335511281
1.2,2.0,25,50,40,60,0.8,False,26,50.0,1.5363788258353501,0.19834599795208172,0.9578586125080915
1.2,1.5,20,60,40,60,1.0,False,43,55.81395348837209,1.4991939509357246,0.19270614300888156,0.955580064534755
1.5,1.5,25,70,40,60,0.8,False,31,61.29032258064516,1.4548004045229719,0.1774985746602303,0.9467708849354675
1.2,3.0,20,50,35,70,1.0,True,17,41.17647058823529,1.5622356869604914,0.1975454051017897,0.9441563362653096
1.2,3.0,20,50,40,70,1.0,True,17,41.17647058823529,1.5622356869604914,0.1975454051017897,0.9441563362653096
1.2,3.0,20,50,30,70,1.0,True,17,41.17647058823529,1.5622356869604914,0.1975454051017897,0.9441563362653096
1.5,1.5,20,70,40,60,0.8,False,48,60.416666666666664,1.4542462739630804,0.17888831938850658,0.9441508008592415
1.5,1.5,25,60,40,60,0.8,False,31,61.29032258064516,1.446886759312677,0.17512192641690918,0.9423387326816558
1.5,1.5,20,60,40,60,0.8,False,48,60.416666666666664,1.4491152625179435,0.17733967257320554,0.9412755657736129
1.5,2.0,30,50,40,60,0.8,False,19,52.63157894736842,1.4874983210420527,0.1849698189029686,0.9386378611437253
1.0,2.0,25,70,40,60,0.8,False,28,46.42857142857143,1.5032733618154768,0.18462044138065375,0.9278464834695834
1.0,1.5,20,50,40,60,0.8,False,49,51.02040816326531,1.4744868530289723,0.18263279844235633,0.9268312106927533
1.5,1.5,20,70,40,65,0.8,False,52,59.61538461538461,1.4208325207877992,0.16746317204658884,0.9227550486493712
1.2,2.5,20,70,35,65,1.0,True,20,45.0,1.50041428504468,0.1869808313878247,0.9226033087999049
1.2,2.5,20,60,30,65,1.0,True,20,45.0,1.50041428504468,0.1869808313878247,0.9226033087999049
1.2,2.5,20,60,35,65,1.0,True,20,45.0,1.50041428504468,0.1869808313878247,0.9226033087999049
1.2,2.5,20,70,40,65,1.0,True,20,45.0,1.50041428504468,0.1869808313878247,0.9226033087999049
1.2,2.5,20,60,40,65,1.0,True,20,45.0,1.50041428504468,0.1869808313878247,0.9226033087999049
1.2,2.5,20,70,30,65,1.0,True,20,45.0,1.50041428504468,0.1869808313878247,0.9226033087999049
1.5,2.0,30,50,40,65,0.8,False,21,52.38095238095239,1.4579242880801468,0.17607312788042873,0.9213196267590164
1.0,2.0,25,60,40,60,0.8,False,28,46.42857142857143,1.491119096951683,0.1815986728576513,0.921164997333086
1.5,1.5,20,60,40,65,0.8,False,52,59.61538461538461,1.4162524254890347,0.16603162618912895,0.920178691828497
0.8,2.0,30,70,40,65,1.0,False,23,39.130434782608695,1.5276765675839958,0.18081914934038806,0.9173934180079016
1.5,2.5,20,70,40,70,0.6,True,27,48.148148148148145,1.4723240028338644,0.1814939768357003,0.9169052412285168
1.5,2.5,20,70,35,70,0.6,True,27,48.148148148148145,1.4723240028338644,0.1814939768357003,0.9169052412285168
1.5,2.5,20,60,40,70,0.6,True,27,48.148148148148145,1.4723240028338644,0.1814939768357003,0.9169052412285168
1.5,2.5,20,70,30,70,0.6,True,27,48.148148148148145,1.4723240028338644,0.1814939768357003,0.9169052412285168
1.5,2.5,20,60,30,70,0.6,True,27,48.148148148148145,1.4723240028338644,0.1814939768357003,0.9169052412285168
1.5,2.5,20,60,35,70,0.6,True,27,48.148148148148145,1.4723240028338644,0.1814939768357003,0.9169052412285168
0.8,3.0,30,70,40,60,1.0,False,19,31.57894736842105,1.5747647953374093,0.17379036430526043,0.9168773126350198
1.2,2.0,20,70,40,60,0.8,False,40,50.0,1.458520975285293,0.17590068991430238,0.914440625625507
1.0,3.0,25,70,40,60,1.0,False,24,37.5,1.5320863214889275,0.1786961512757491,0.9142823909996136
1.0,2.0,20,70,40,65,0.8,False,48,45.83333333333333,1.480863115704882,0.17942486279216666,0.9138165304108743
1.5,1.5,20,50,40,60,0.8,False,47,59.57446808510638,1.403273193634232,0.16201968133007183,0.9127639373384494
1.0,1.5,25,70,40,60,1.0,False,27,51.85185185185185,1.4448634525486,0.1716048532291325,0.912308252475682
1.0,3.0,25,70,40,60,0.8,False,27,37.03703703703704,1.5304143722640207,0.17805198666323913,0.9119286945757693
1.2,2.5,20,50,35,70,1.0,True,20,45.0,1.480270878355574,0.18060686876047985,0.911256812929883
1.2,2.5,20,50,30,70,1.0,True,20,45.0,1.480270878355574,0.18060686876047985,0.911256812929883
1.2,2.5,20,50,40,70,1.0,True,20,45.0,1.480270878355574,0.18060686876047985,0.911256812929883
1.2,2.0,20,60,40,60,0.8,False,40,50.0,1.4506637955512918,0.17377401793252775,0.9100867013621514
1.2,2.5,20,50,35,60,0.6,True,18,44.44444444444444,1.4816670646345835,0.17866643029290794,0.9099001517092067
1.2,2.5,20,50,40,60,0.6,True,18,44.44444444444444,1.4816670646345835,0.17866643029290794,0.9099001517092067
1.2,2.5,20,50,30,60,0.6,True,18,44.44444444444444,1.4816670646345835,0.17866643029290794,0.9099001517092067
1.0,2.0,20,60,40,65,0.8,False,48,45.83333333333333,1.4737522301742803,0.1776142820125837,0.9098989714896568
0.8,2.0,30,60,40,65,1.0,False,23,39.130434782608695,1.511647463038279,0.1770959453852216,0.9086342249440099
1.5,3.0,20,70,30,70,1.0,True,20,45.0,1.4741986503561055,0.17897152017220505,0.9078936292124938
1.5,3.0,20,70,40,70,1.0,True,20,45.0,1.4741986503561055,0.17897152017220505,0.9078936292124938
1.5,3.0,20,70,35,70,1.0,True,20,45.0,1.4741986503561055,0.17897152017220505,0.9078936292124938
1.5,3.0,20,60,40,70,1.0,True,20,45.0,1.4741986503561055,0.17897152017220505,0.9078936292124938
1.5,3.0,20,60,30,70,1.0,True,20,45.0,1.4741986503561055,0.17897152017220505,0.9078936292124938
1.5,3.0,20,60,35,70,1.0,True,20,45.0,1.4741986503561055,0.17897152017220505,0.9078936292124938
1.0,1.5,25,60,40,60,1.0,False,27,51.85185185185185,1.4345058556586978,0.16863467012576847,0.9065354174100582
0.8,3.0,30,70,40,65,1.0,False,22,31.818181818181817,1.551785812856259,0.1708387050914879,0.9055151929009725
1.0,1.5,25,50,40,60,0.8,False,33,51.515151515151516,1.4338818131448123,0.16928088841099667,0.90534253880006
1.0,3.0,25,60,40,60,1.0,False,24,37.5,1.514571653915805,0.17492899242668683,0.9047716254432397
1.0,3.0,25,60,40,60,0.8,False,27,37.03703703703704,1.5143668096841445,0.17465282966970755,0.9032250818871249
0.8,3.0,30,60,40,60,1.0,False,19,31.57894736842105,1.5488134819475683,0.16888353445845322,0.9029202899707379
0.8,2.0,25,60,30,65,0.8,False,49,38.775510204081634,1.5004293873779613,0.17676215403312365,0.9018936551078502
1.2,3.0,25,70,30,70,1.0,True,19,42.10526315789473,1.479433366570828,0.1772963162441381,0.9014917360079258
1.2,3.0,25,70,35,70,1.0,True,19,42.10526315789473,1.479433366570828,0.1772963162441381,0.9014917360079258
1.2,3.0,25,70,40,70,1.0,True,19,42.10526315789473,1.479433366570828,0.1772963162441381,0.9014917360079258
1.2,3.0,25,60,35,70,1.0,True,19,42.10526315789473,1.479433366570828,0.1772963162441381,0.9014917360079258
1.2,3.0,25,60,40,70,1.0,True,19,42.10526315789473,1.479433366570828,0.1772963162441381,0.9014917360079258
1.2,3.0,25,60,30,70,1.0,True,19,42.10526315789473,1.479433366570828,0.1772963162441381,0.9014917360079258
1.5,1.5,20,70,40,60,1.0,False,42,59.523809523809526,1.3831610519843813,0.15459071069038743,0.9010700967016968
1.5,1.5,20,60,40,60,1.0,False,42,59.523809523809526,1.3775434060620884,0.1527808132356914,0.897899294249611
0.8,3.0,30,60,35,70,0.8,True,18,33.33333333333333,1.524912436363743,0.17603620598527553,0.8976634593789266
0.8,3.0,30,70,35,70,0.8,True,18,33.33333333333333,1.524912436363743,0.17603620598527553,0.8976634593789266
0.8,3.0,30,60,30,70,0.8,True,18,33.33333333333333,1.524912436363743,0.17603620598527553,0.8976634593789266
0.8,3.0,30,70,40,70,0.8,True,18,33.33333333333333,1.524912436363743,0.17603620598527553,0.8976634593789266
0.8,3.0,30,70,30,70,0.8,True,18,33.33333333333333,1.524912436363743,0.17603620598527553,0.8976634593789266
0.8,3.0,30,60,40,70,0.8,True,18,33.33333333333333,1.524912436363743,0.17603620598527553,0.8976634593789266
1.2,2.0,20,60,35,60,0.6,True,22,50.0,1.4217172164951477,0.16576342915550016,0.8940112940786739
1.2,2.0,20,70,40,60,0.6,True,22,50.0,1.4217172164951477,0.16576342915550016,0.8940112940786739
1.2,2.0,20,60,40,60,0.6,True,22,50.0,1.4217172164951477,0.16576342915550016,0.8940112940786739
1.2,2.0,20,60,30,60,0.6,True,22,50.0,1.4217172164951477,0.16576342915550016,0.8940112940786739
1.2,2.0,20,70,35,60,0.6,True,22,50.0,1.4217172164951477,0.16576342915550016,0.8940112940786739
1.2,2.0,20,70,30,60,0.6,True,22,50.0,1.4217172164951477,0.16576342915550016,0.8940112940786739
0.8,2.0,30,50,40,70,1.0,False,23,39.130434782608695,1.484831446600043,0.1683892089292137,0.8934848694336903
0.8,3.0,30,60,40,65,1.0,False,22,31.818181818181817,1.5293935708984558,0.16651170262661574,0.8934536714290965
1.5,1.5,20,70,40,65,1.0,False,46,58.69565217391305,1.3706369503583598,0.1502440001132673,0.8914542317235724
1.5,1.5,20,60,40,65,1.0,False,46,58.69565217391305,1.365649783168071,0.14860868789833506,0.8886335856854416
1.0,1.5,20,70,40,60,1.0,False,44,50.0,1.4050401152595575,0.15927898960461534,0.8843758555507019
1.0,2.0,20,70,40,60,0.8,False,42,45.23809523809524,1.4298371520639181,0.16306897344316104,0.883246656434877
0.8,2.0,25,60,30,60,0.8,False,44,38.63636363636363,1.4671119140022184,0.16749572097350812,0.8829641921049018
1.2,2.5,20,70,40,70,0.6,True,30,43.333333333333336,1.4370115310273683,0.1669582643015534,0.8818974183739948
1.2,2.5,20,70,35,70,0.6,True,30,43.333333333333336,1.4370115310273683,0.1669582643015534,0.8818974183739948
1.2,2.5,20,60,30,70,0.6,True,30,43.333333333333336,1.4370115310273683,0.1669582643015534,0.8818974183739948
1.2,2.5,20,60,35,70,0.6,True,30,43.333333333333336,1.4370115310273683,0.1669582643015534,0.8818974183739948
1.2,2.5,20,60,40,70,0.6,True,30,43.333333333333336,1.4370115310273683,0.1669582643015534,0.8818974183739948
1.2,2.5,20,70,30,70,0.6,True,30,43.333333333333336,1.4370115310273683,0.1669582643015534,0.8818974183739948
1.5,2.5,20,60,40,65,0.6,True,23,47.82608695652174,1.4122772107455115,0.16064240673602068,0.881745347589525
1.5,2.5,20,70,35,65,0.6,True,23,47.82608695652174,1.4122772107455115,0.16064240673602068,0.881745347589525
1.5,2.5,20,70,40,65,0.6,True,23,47.82608695652174,1.4122772107455115,0.16064240673602068,0.881745347589525
1.5,2.5,20,60,30,65,0.6,True,23,47.82608695652174,1.4122772107455115,0.16064240673602068,0.881745347589525
1.5,2.5,20,70,30,65,0.6,True,23,47.82608695652174,1.4122772107455115,0.16064240673602068,0.881745347589525
1.5,2.5,20,60,35,65,0.6,True,23,47.82608695652174,1.4122772107455115,0.16064240673602068,0.881745347589525
1.0,1.5,20,60,40,60,1.0,False,44,50.0,1.3985850083205364,0.15736724240682906,0.880765952641634
0.8,3.0,30,60,35,65,1.0,True,12,33.33333333333333,1.4924205750315038,0.1661293900233542,0.8794361655204227
0.8,3.0,30,60,40,65,1.0,True,12,33.33333333333333,1.4924205750315038,0.1661293900233542,0.8794361655204227
0.8,3.0,30,70,35,65,1.0,True,12,33.33333333333333,1.4924205750315038,0.1661293900233542,0.8794361655204227
0.8,3.0,30,70,30,65,1.0,True,12,33.33333333333333,1.4924205750315038,0.1661293900233542,0.8794361655204227
0.8,3.0,30,60,30,65,1.0,True,12,33.33333333333333,1.4924205750315038,0.1661293900233542,0.8794361655204227
0.8,3.0,30,70,40,65,1.0,True,12,33.33333333333333,1.4924205750315038,0.1661293900233542,0.8794361655204227
1.0,2.0,20,60,40,60,0.8,False,42,45.23809523809524,1.421760297972169,0.1609081810987347,0.8787760709201171
0.8,3.0,30,70,40,70,1.0,False,28,32.142857142857146,1.4963596990085186,0.15889993426734866,0.8763884077863004
0.8,1.5,30,70,40,70,1.0,False,31,45.16129032258064,1.4171511421077485,0.15811052689809887,0.8756815474012359
0.8,2.0,25,70,30,65,0.8,False,52,38.46153846153847,1.4548496614923738,0.16397275637313952,0.8756039974054303
1.0,3.0,25,50,40,60,1.0,False,22,36.36363636363637,1.465365979913043,0.1602132945848298,0.8738165579643966
1.2,2.0,20,50,40,60,0.8,False,41,48.78048780487805,1.3913647357445755,0.15441108372432422,0.8729060480317867
1.2,1.5,20,50,40,60,1.0,False,41,53.65853658536586,1.3623786046718473,0.14693555878721504,0.8715520238494643
1.5,1.5,20,50,40,65,0.8,False,50,57.99999999999999,1.3378355536165158,0.13870911293003338,0.8706595993942645
0.8,1.5,30,60,40,70,1.0,False,31,45.16129032258064,1.4067013295423192,0.1552333907548305,0.8698812138898676
1.5,2.0,30,70,40,65,0.8,False,23,52.17391304347826,1.3644641395084385,0.14522547599673577,0.8677989040840012
1.5,1.5,20,70,40,70,1.0,False,50,57.99999999999999,1.3323164439869812,0.13669562373621247,0.8674973467407332
1.0,1.5,30,70,40,65,0.8,False,27,48.148148148148145,1.3848138137029105,0.1501369877712398,0.8668787488501477
1.5,2.0,30,70,30,65,0.8,False,29,51.724137931034484,1.3642601926372702,0.14676113714468847,0.8666547375406762
0.8,3.0,30,60,40,70,1.0,False,28,32.142857142857146,1.4782235684370013,0.15526014982476138,0.8665923856120243
1.5,1.5,20,60,40,70,1.0,False,50,57.99999999999999,1.3277172905177124,0.13514177816893938,0.864887000892644
1.5,3.0,25,70,40,60,1.0,False,22,45.45454545454545,1.3918938160426222,0.1498555550955593,0.8622816554040593
1.2,2.0,25,70,40,60,0.8,False,27,48.148148148148145,1.3758112873706803,0.1469578717097505,0.8617416624717346
1.5,2.0,30,60,40,65,0.8,False,23,52.17391304347826,1.3534467171950317,0.14173800848182952,0.8615926994243165
1.0,1.5,30,60,40,65,0.8,False,27,48.148148148148145,1.374606116276212,0.14705549183854622,0.8611586009502598
1.5,2.0,30,60,30,65,0.8,False,29,51.724137931034484,1.3531903182692073,0.1431965569816486,0.8604068843240368
1.0,1.5,30,70,40,60,0.8,False,25,48.0,1.3742582009089903,0.14627350937381625,0.8603838023292584
1.5,2.0,25,70,40,60,0.8,False,26,53.84615384615385,1.3423515387132587,0.138338995968484,0.8603820300887877
0.8,2.5,20,70,35,60,0.8,True,19,36.84210526315789,1.4357522535205838,0.1579060320940773,0.859983648968581
0.8,2.5,20,60,35,60,0.8,True,19,36.84210526315789,1.4357522535205838,0.1579060320940773,0.859983648968581
0.8,2.5,20,70,30,60,0.8,True,19,36.84210526315789,1.4357522535205838,0.1579060320940773,0.859983648968581
0.8,2.5,20,60,40,60,0.8,True,19,36.84210526315789,1.4357522535205838,0.1579060320940773,0.859983648968581
0.8,2.5,20,60,30,60,0.8,True,19,36.84210526315789,1.4357522535205838,0.1579060320940773,0.859983648968581
0.8,2.5,20,70,40,60,0.8,True,19,36.84210526315789,1.4357522535205838,0.1579060320940773,0.859983648968581
1.5,2.0,25,50,40,65,0.8,False,27,51.85185185185185,1.3490159058177977,0.1404745807969594,0.8581584246238463
1.2,1.5,25,70,40,60,1.0,False,26,53.84615384615385,1.338083929285863,0.13686515380872283,0.8579534569431376
1.5,2.0,20,70,40,60,0.8,False,39,53.84615384615385,1.3367161114534345,0.137588911590917,0.8574142995833621
1.5,1.5,30,70,40,60,0.8,False,23,56.52173913043478,1.3219101154455795,0.13128379892776482,0.8567770348996471
1.2,3.0,20,60,35,70,0.6,True,26,38.46153846153847,1.4199915580173799,0.1560006907708115,0.8565805325474677
1.2,3.0,20,70,30,70,0.6,True,26,38.46153846153847,1.4199915580173799,0.1560006907708115,0.8565805325474677
1.2,3.0,20,70,35,70,0.6,True,26,38.46153846153847,1.4199915580173799,0.1560006907708115,0.8565805325474677
1.2,3.0,20,70,40,70,0.6,True,26,38.46153846153847,1.4199915580173799,0.1560006907708115,0.8565805325474677
1.2,3.0,20,60,30,70,0.6,True,26,38.46153846153847,1.4199915580173799,0.1560006907708115,0.8565805325474677
1.2,3.0,20,60,40,70,0.6,True,26,38.46153846153847,1.4199915580173799,0.1560006907708115,0.8565805325474677
1.0,3.0,30,60,40,70,1.0,True,16,37.5,1.425223268156478,0.15553317265853323,0.8562182686099455
1.0,3.0,30,70,40,70,1.0,True,16,37.5,1.425223268156478,0.15553317265853323,0.8562182686099455
1.0,3.0,30,70,35,70,1.0,True,16,37.5,1.425223268156478,0.15553317265853323,0.8562182686099455
1.0,3.0,30,70,30,70,1.0,True,16,37.5,1.425223268156478,0.15553317265853323,0.8562182686099455
1.0,3.0,30,60,35,70,1.0,True,16,37.5,1.425223268156478,0.15553317265853323,0.8562182686099455
1.0,3.0,30,60,30,70,1.0,True,16,37.5,1.425223268156478,0.15553317265853323,0.8562182686099455
0.8,2.0,25,70,30,60,0.8,False,47,38.297872340425535,1.4205117306621997,0.15400416957470925,0.8559503162673183
1.2,2.0,25,60,40,60,0.8,False,27,48.148148148148145,1.3646885876824495,0.1436701755638106,0.8555227733984312
0.8,3.0,20,60,40,60,0.8,True,18,33.33333333333333,1.448465166766397,0.15573277698385957,0.8553791387799704
0.8,3.0,20,60,30,60,0.8,True,18,33.33333333333333,1.448465166766397,0.15573277698385957,0.8553791387799704
0.8,3.0,20,70,40,60,0.8,True,18,33.33333333333333,1.448465166766397,0.15573277698385957,0.8553791387799704
0.8,3.0,20,60,35,60,0.8,True,18,33.33333333333333,1.448465166766397,0.15573277698385957,0.8553791387799704
0.8,3.0,20,70,35,60,0.8,True,18,33.33333333333333,1.448465166766397,0.15573277698385957,0.8553791387799704
0.8,3.0,20,70,30,60,0.8,True,18,33.33333333333333,1.448465166766397,0.15573277698385957,0.8553791387799704
1.5,2.0,25,60,40,60,0.8,False,26,53.84615384615385,1.3322807418145903,0.13510861772615052,0.8547005559909868
1.5,2.5,20,70,40,70,1.0,True,23,47.82608695652174,1.3637078336137927,0.14666021405970145,0.8546642204884017
1.5,2.5,20,70,35,70,1.0,True,23,47.82608695652174,1.3637078336137927,0.14666021405970145,0.8546642204884017
1.5,2.5,20,70,30,70,1.0,True,23,47.82608695652174,1.3637078336137927,0.14666021405970145,0.8546642204884017
1.5,2.5,20,60,35,70,1.0,True,23,47.82608695652174,1.3637078336137927,0.14666021405970145,0.8546642204884017
1.5,2.5,20,60,40,70,1.0,True,23,47.82608695652174,1.3637078336137927,0.14666021405970145,0.8546642204884017
1.5,2.5,20,60,30,70,1.0,True,23,47.82608695652174,1.3637078336137927,0.14666021405970145,0.8546642204884017
1.5,3.0,25,60,40,60,1.0,False,22,45.45454545454545,1.3775395169775408,0.14578012102461863,0.8542894190573305
1.5,2.0,30,60,30,70,0.8,False,33,51.515151515151516,1.3433883356570007,0.13931606770565172,0.8541028359150852
1.0,1.5,30,60,40,60,0.8,False,25,48.0,1.362854330796329,0.14284147065623634,0.8539954595294118
1.5,2.0,20,60,40,60,0.8,False,39,53.84615384615385,1.3298647895426592,0.13537953416146503,0.8535467631420841
1.5,2.0,30,60,40,70,0.8,False,27,51.85185185185185,1.3408675632976523,0.1372215168332619,0.8534336405710341
1.2,1.5,25,60,40,60,1.0,False,26,53.84615384615385,1.328491788298455,0.13373539611318747,0.8525314349103266
0.8,2.0,30,50,40,65,1.0,False,19,36.84210526315789,1.4241090093478443,0.14955318959908515,0.8524914583832129
1.0,2.5,20,70,40,60,0.8,False,40,40.0,1.4041629332914691,0.1487818258007821,0.851837831805891
1.5,3.0,25,50,40,60,1.0,False,20,45.0,1.3748936497391908,0.1444147842211599,0.8513297817138274
1.5,1.5,30,60,40,60,0.8,False,23,56.52173913043478,1.3118424846921337,0.12789254085708543,0.8510649679087883
1.5,2.0,20,70,40,65,0.8,False,43,53.48837209302325,1.327414170918042,0.13403852347550962,0.8509799064331928
1.0,1.5,30,70,40,70,0.8,False,35,48.57142857142857,1.3537685218679456,0.14048768755091012,0.8506960841584406
1.0,2.0,20,50,40,60,0.8,False,43,44.18604651162791,1.3761552139901343,0.14608449080652033,0.8498526446912549
0.8,1.5,30,70,40,65,1.0,False,25,44.0,1.3769286749978051,0.14450349731063605,0.8493650369610298
1.0,1.5,30,60,35,60,0.8,True,10,50.0,1.34300615164293,0.13807915076944324,0.8491189059753537
1.0,1.5,30,60,30,60,0.8,True,10,50.0,1.34300615164293,0.13807915076944324,0.8491189059753537
1.0,1.5,30,60,40,60,0.8,True,10,50.0,1.34300615164293,0.13807915076944324,0.8491189059753537
1.0,1.5,30,70,40,60,0.8,True,10,50.0,1.34300615164293,0.13807915076944324,0.8491189059753537
1.0,1.5,30,70,30,60,0.8,True,10,50.0,1.34300615164293,0.13807915076944324,0.8491189059753537
1.0,1.5,30,70,35,60,0.8,True,10,50.0,1.34300615164293,0.13807915076944324,0.8491189059753537
1.5,3.0,30,70,40,65,1.0,False,20,45.0,1.3688238092403953,0.1415054913188934,0.8477130028839763
1.5,2.0,20,60,40,65,0.8,False,43,53.48837209302325,1.3213096244265985,0.13204424308368776,0.8475287771091066
1.0,2.0,30,70,40,65,0.8,False,24,41.66666666666667,1.3861437831000585,0.1450086363284253,0.8470736188157143
1.0,2.5,20,60,40,60,0.8,False,40,40.0,1.3945462776495785,0.14630438675439328,0.8465340161756679
1.0,1.5,30,60,40,70,0.8,False,35,48.57142857142857,1.345629127885832,0.1379785308585236,0.8461245558289064
1.0,3.0,25,70,40,65,1.0,False,28,35.714285714285715,1.418560202695447,0.1468751920553439,0.8457979969016494
1.0,3.0,25,70,40,65,0.8,False,31,35.483870967741936,1.4185003282928856,0.14692801369678296,0.8450873797890253
1.2,3.0,20,70,35,65,0.6,True,23,39.130434782608695,1.395698934380035,0.1485795973839659,0.8449566910146368
1.2,3.0,20,70,40,65,0.6,True,23,39.130434782608695,1.395698934380035,0.1485795973839659,0.8449566910146368
1.2,3.0,20,70,30,65,0.6,True,23,39.130434782608695,1.395698934380035,0.1485795973839659,0.8449566910146368
1.2,3.0,20,60,40,65,0.6,True,23,39.130434782608695,1.395698934380035,0.1485795973839659,0.8449566910146368
1.2,3.0,20,60,30,65,0.6,True,23,39.130434782608695,1.395698934380035,0.1485795973839659,0.8449566910146368
1.2,3.0,20,60,35,65,0.6,True,23,39.130434782608695,1.395698934380035,0.1485795973839659,0.8449566910146368
1.0,1.5,30,70,40,70,1.0,False,31,48.38709677419355,1.3427219116601976,0.1365970536780891,0.8438416568882973
1.2,3.0,25,70,40,60,1.0,False,23,39.130434782608695,1.3948709979858642,0.14389794349458082,0.8436063920396744
0.8,1.5,30,60,40,65,1.0,False,25,44.0,1.364788311773399,0.14095825786224445,0.8425858074591484
1.0,2.0,30,60,40,65,0.8,False,24,41.66666666666667,1.3730912107173956,0.14129389181746912,0.8398043837221916
1.5,3.0,30,60,40,65,1.0,False,20,45.0,1.3530444712540328,0.13693562117617966,0.8389093598622523
1.0,1.5,30,60,40,70,1.0,False,31,48.38709677419355,1.3336986591209874,0.13377359590480878,0.838765339064036
1.5,3.0,20,60,30,65,0.6,True,23,43.47826086956522,1.3595962829380892,0.14120006687584524,0.8384729374529093
1.5,3.0,20,70,35,65,0.6,True,23,43.47826086956522,1.3595962829380892,0.14120006687584524,0.8384729374529093
1.5,3.0,20,70,40,65,0.6,True,23,43.47826086956522,1.3595962829380892,0.14120006687584524,0.8384729374529093
1.5,3.0,20,60,40,65,0.6,True,23,43.47826086956522,1.3595962829380892,0.14120006687584524,0.8384729374529093
1.5,3.0,20,60,35,65,0.6,True,23,43.47826086956522,1.3595962829380892,0.14120006687584524,0.8384729374529093
1.5,3.0,20,70,30,65,0.6,True,23,43.47826086956522,1.3595962829380892,0.14120006687584524,0.8384729374529093
0.8,3.0,25,70,40,60,1.0,False,26,30.76923076923077,1.434864868785222,0.14187440156697312,0.8381150070136979
1.2,2.0,25,70,40,65,0.8,False,32,46.875,1.3405931198163998,0.13489380528336858,0.8379003209648737
1.2,1.5,25,50,40,60,0.8,False,32,53.125,1.3063615576060008,0.12643625893742558,0.8378430305904856
1.5,3.0,25,70,40,60,0.8,False,25,44.0,1.3563768740756081,0.13772199809504948,0.837732836656814
1.0,3.0,25,60,40,65,1.0,False,28,35.714285714285715,1.4037816599159707,0.1432779939432318,0.8376892858894888
1.0,3.0,25,60,40,65,0.8,False,31,35.483870967741936,1.404843007423469,0.1436369932003,0.8376005152550203
1.5,2.5,20,60,35,60,0.6,True,19,47.368421052631575,1.3343685326968746,0.13459792514704638,0.8362091145357413
1.5,2.5,20,70,35,60,0.6,True,19,47.368421052631575,1.3343685326968746,0.13459792514704638,0.8362091145357413
1.5,2.5,20,70,30,60,0.6,True,19,47.368421052631575,1.3343685326968746,0.13459792514704638,0.8362091145357413
1.5,2.5,20,60,30,60,0.6,True,19,47.368421052631575,1.3343685326968746,0.13459792514704638,0.8362091145357413
1.5,2.5,20,70,40,60,0.6,True,19,47.368421052631575,1.3343685326968746,0.13459792514704638,0.8362091145357413
1.5,2.5,20,60,40,60,0.6,True,19,47.368421052631575,1.3343685326968746,0.13459792514704638,0.8362091145357413
0.8,3.0,30,50,40,60,1.0,False,17,29.411764705882355,1.4401606444470634,0.13906941446102686,0.8361294992333841
1.2,3.0,25,70,40,60,0.8,False,26,38.46153846153847,1.3844119868496372,0.14047671201031242,0.8356859512114965
1.2,3.0,25,60,40,60,1.0,False,23,39.130434782608695,1.3789249631610314,0.13969077188413914,0.8347919403051696
1.0,2.0,30,50,40,60,0.8,False,20,40.0,1.372989764199075,0.13952850649974868,0.8344005833994872
1.2,2.5,20,70,30,65,0.6,True,28,42.857142857142854,1.3555022539301163,0.1400929543045275,0.8343411463973922
1.2,2.5,20,60,35,65,0.6,True,28,42.857142857142854,1.3555022539301163,0.1400929543045275,0.8343411463973922
1.2,2.5,20,60,40,65,0.6,True,28,42.857142857142854,1.3555022539301163,0.1400929543045275,0.8343411463973922
1.2,2.5,20,70,40,65,0.6,True,28,42.857142857142854,1.3555022539301163,0.1400929543045275,0.8343411463973922
1.2,2.5,20,70,35,65,0.6,True,28,42.857142857142854,1.3555022539301163,0.1400929543045275,0.8343411463973922
1.2,2.5,20,60,30,65,0.6,True,28,42.857142857142854,1.3555022539301163,0.1400929543045275,0.8343411463973922
1.5,2.0,30,70,40,65,1.0,False,21,52.38095238095239,1.304508174215721,0.12434573583801643,0.8342660914183209
1.2,2.0,25,60,40,65,0.8,False,32,46.875,1.3314738515426308,0.13207910676076975,0.8327777471234693
1.5,3.0,25,60,40,60,0.8,False,25,44.0,1.3434560589159148,0.13395467501655306,0.830518964461268
1.0,2.0,25,60,40,70,0.8,False,40,42.5,1.3504217079805267,0.13514302095258707,0.8297394581807809
1.0,2.5,25,70,40,60,1.0,False,25,40.0,1.3631793182291088,0.13512136384194384,0.8286139318829432
0.8,3.0,25,60,40,60,1.0,False,26,30.76923076923077,1.4163885690079903,0.13778630361160546,0.8280592375340086
1.2,3.0,25,60,40,60,0.8,False,26,38.46153846153847,1.3698970781830755,0.1366477624540444,0.8276627069669621
0.8,2.0,25,60,30,70,0.8,False,55,36.36363636363637,1.379873846799619,0.13917537998418955,0.8268629084875565
1.2,2.5,20,60,30,60,1.0,True,16,43.75,1.336837530034628,0.1337114947877441,0.8264110639748629
1.2,2.5,20,60,40,60,1.0,True,16,43.75,1.336837530034628,0.1337114947877441,0.8264110639748629
1.2,2.5,20,60,35,60,1.0,True,16,43.75,1.336837530034628,0.1337114947877441,0.8264110639748629
1.2,2.5,20,70,30,60,1.0,True,16,43.75,1.336837530034628,0.1337114947877441,0.8264110639748629
1.2,2.5,20,70,35,60,1.0,True,16,43.75,1.336837530034628,0.1337114947877441,0.8264110639748629
1.2,2.5,20,70,40,60,1.0,True,16,43.75,1.336837530034628,0.1337114947877441,0.8264110639748629
1.5,3.0,20,60,35,70,0.6,True,26,42.30769230769231,1.3433177095896796,0.1359225770799393,0.8257664471339046
1.5,3.0,20,70,35,70,0.6,True,26,42.30769230769231,1.3433177095896796,0.1359225770799393,0.8257664471339046
1.5,3.0,20,60,30,70,0.6,True,26,42.30769230769231,1.3433177095896796,0.1359225770799393,0.8257664471339046
1.5,3.0,20,70,30,70,0.6,True,26,42.30769230769231,1.3433177095896796,0.1359225770799393,0.8257664471339046
1.5,3.0,20,70,40,70,0.6,True,26,42.30769230769231,1.3433177095896796,0.1359225770799393,0.8257664471339046
1.5,3.0,20,60,40,70,0.6,True,26,42.30769230769231,1.3433177095896796,0.1359225770799393,0.8257664471339046
0.8,2.0,20,60,30,60,0.8,False,74,37.83783783783784,1.3672198085677278,0.1383001691381317,0.8247834516250038
0.8,2.5,20,60,40,60,1.0,True,17,35.294117647058826,1.380956864044145,0.13982695642457788,0.8243261762481645
0.8,2.5,20,70,40,60,1.0,True,17,35.294117647058826,1.380956864044145,0.13982695642457788,0.8243261762481645
0.8,2.5,20,60,35,60,1.0,True,17,35.294117647058826,1.380956864044145,0.13982695642457788,0.8243261762481645
0.8,2.5,20,70,30,60,1.0,True,17,35.294117647058826,1.380956864044145,0.13982695642457788,0.8243261762481645
0.8,2.5,20,70,35,60,1.0,True,17,35.294117647058826,1.380956864044145,0.13982695642457788,0.8243261762481645
0.8,2.5,20,60,30,60,1.0,True,17,35.294117647058826,1.380956864044145,0.13982695642457788,0.8243261762481645
1.0,2.0,25,70,40,65,1.0,False,30,43.333333333333336,1.3359802436955748,0.13055051373708593,0.8241002245952046
1.2,3.0,20,60,35,60,1.0,True,15,40.0,1.3529309572109673,0.13556044658077826,0.8235775679216393
1.2,3.0,20,60,30,60,1.0,True,15,40.0,1.3529309572109673,0.13556044658077826,0.8235775679216393
1.2,3.0,20,60,40,60,1.0,True,15,40.0,1.3529309572109673,0.13556044658077826,0.8235775679216393
1.2,3.0,20,70,35,60,1.0,True,15,40.0,1.3529309572109673,0.13556044658077826,0.8235775679216393
1.2,3.0,20,70,30,60,1.0,True,15,40.0,1.3529309572109673,0.13556044658077826,0.8235775679216393
1.2,3.0,20,70,40,60,1.0,True,15,40.0,1.3529309572109673,0.13556044658077826,0.8235775679216393
1.0,2.0,25,70,40,65,0.8,False,34,41.17647058823529,1.3459691388889536,0.1326399072230866,0.8230419626538
1.0,1.5,20,70,40,65,0.8,False,57,47.368421052631575,1.308683820202503,0.1255049171084469,0.8215481566808357
0.8,1.5,20,50,40,60,0.8,False,58,43.103448275862064,1.3318613622584834,0.1313923890621508,0.8215195037692581
0.8,1.5,20,70,40,60,1.0,False,48,43.75,1.32827735977115,0.13001585038642482,0.8213918499628599
0.8,1.5,30,60,40,70,0.8,True,20,45.0,1.3201838008030207,0.1297233652255612,0.8210365734466226
0.8,1.5,30,70,35,70,0.8,True,20,45.0,1.3201838008030207,0.1297233652255612,0.8210365734466226
0.8,1.5,30,60,35,70,0.8,True,20,45.0,1.3201838008030207,0.1297233652255612,0.8210365734466226
0.8,1.5,30,60,30,70,0.8,True,20,45.0,1.3201838008030207,0.1297233652255612,0.8210365734466226
0.8,1.5,30,70,40,70,0.8,True,20,45.0,1.3201838008030207,0.1297233652255612,0.8210365734466226
0.8,1.5,30,70,30,70,0.8,True,20,45.0,1.3201838008030207,0.1297233652255612,0.8210365734466226
1.0,2.5,25,60,40,60,1.0,False,25,40.0,1.3485837619181735,0.1311225269318861,0.820516386345464
1.2,2.0,25,50,40,65,0.8,False,31,45.16129032258064,1.3185630922573028,0.126798286720576,0.8201250744405085
1.5,3.0,25,70,40,65,1.0,False,25,44.0,1.3250536167060214,0.12798873126396398,0.8201245546058035
0.8,2.0,30,50,40,60,0.8,False,20,35.0,1.376106883500984,0.13404272540291493,0.8198619868310749
1.0,1.5,20,60,40,65,0.8,False,57,47.368421052631575,1.3037800798742356,0.12391241192881598,0.8187777854807757
1.2,2.0,20,70,40,65,0.8,False,45,46.666666666666664,1.3073690970079352,0.12435715073112681,0.818555978650193
1.0,3.0,25,70,40,70,0.8,False,37,35.13513513513514,1.3723650199508606,0.13356558945583563,0.8183010332720029
1.0,2.0,25,60,40,65,1.0,False,30,43.333333333333336,1.325536084228399,0.1274110907220667,0.8182502602586128
0.8,1.5,20,60,40,60,1.0,False,48,43.75,1.321742100808299,0.12802079227708527,0.8177252088595666
1.0,2.0,25,60,40,65,0.8,False,34,41.17647058823529,1.3364070205214338,0.12983648788825533,0.8177002196030738
0.8,1.5,20,50,40,60,1.0,False,46,43.47826086956522,1.3220592570167837,0.12796326010956324,0.8170570631390002
0.8,1.5,30,60,30,65,1.0,True,13,46.15384615384615,1.30626497027334,0.12429510039548891,0.8164530436773062
0.8,1.5,30,70,30,65,1.0,True,13,46.15384615384615,1.30626497027334,0.12429510039548891,0.8164530436773062
0.8,1.5,30,70,35,65,1.0,True,13,46.15384615384615,1.30626497027334,0.12429510039548891,0.8164530436773062
0.8,1.5,30,60,35,65,1.0,True,13,46.15384615384615,1.30626497027334,0.12429510039548891,0.8164530436773062
0.8,1.5,30,70,40,65,1.0,True,13,46.15384615384615,1.30626497027334,0.12429510039548891,0.8164530436773062
0.8,1.5,30,60,40,65,1.0,True,13,46.15384615384615,1.30626497027334,0.12429510039548891,0.8164530436773062
1.0,3.0,20,70,40,60,0.8,False,38,34.21052631578947,1.3728465945068367,0.1318054407706752,0.8154159643549218
1.2,2.0,20,60,40,65,0.8,False,45,46.666666666666664,1.300821548921405,0.12226542904083035,0.8148638602688686
0.8,2.0,30,70,40,60,1.0,False,19,36.84210526315789,1.356851675337836,0.1292304684424634,0.8147982471468843
1.0,2.0,25,50,35,60,0.8,False,33,42.42424242424242,1.3213277448372995,0.12655797292633703,0.8132481942766444
1.5,3.0,25,60,40,65,1.0,False,25,44.0,1.3126927396012038,0.1242053759565153,0.813187444991905
1.0,2.0,25,70,40,60,1.0,False,25,44.0,1.3130253964903276,0.12312531095319368,0.8131377604358025
1.2,3.0,25,70,30,70,0.6,True,19,36.84210526315789,1.351758098401391,0.13182438807917346,0.812770242606004
1.2,3.0,25,60,40,70,0.6,True,19,36.84210526315789,1.351758098401391,0.13182438807917346,0.812770242606004
1.2,3.0,25,70,35,70,0.6,True,19,36.84210526315789,1.351758098401391,0.13182438807917346,0.812770242606004
1.2,3.0,25,70,40,70,0.6,True,19,36.84210526315789,1.351758098401391,0.13182438807917346,0.812770242606004
1.2,3.0,25,60,35,70,0.6,True,19,36.84210526315789,1.351758098401391,0.13182438807917346,0.812770242606004
1.2,3.0,25,60,30,70,0.6,True,19,36.84210526315789,1.351758098401391,0.13182438807917346,0.812770242606004
1.2,3.0,25,50,40,60,1.0,False,21,38.095238095238095,1.344506835238076,0.12807248400724378,0.8121536287062011
1.2,3.0,25,70,40,60,1.0,True,12,41.66666666666667,1.3236020092462641,0.12648369424743086,0.8120977434726182
1.2,3.0,25,60,30,60,1.0,True,12,41.66666666666667,1.3236020092462641,0.12648369424743086,0.8120977434726182
1.2,3.0,25,60,35,60,1.0,True,12,41.66666666666667,1.3236020092462641,0.12648369424743086,0.8120977434726182
1.2,3.0,25,70,30,60,1.0,True,12,41.66666666666667,1.3236020092462641,0.12648369424743086,0.8120977434726182
1.2,3.0,25,70,35,60,1.0,True,12,41.66666666666667,1.3236020092462641,0.12648369424743086,0.8120977434726182
1.2,3.0,25,60,40,60,1.0,True,12,41.66666666666667,1.3236020092462641,0.12648369424743086,0.8120977434726182
1.0,3.0,25,60,40,70,0.8,False,37,35.13513513513514,1.3606316209414242,0.13061848322757041,0.8118449125216316
0.8,2.0,20,70,30,60,0.8,False,77,37.66233766233766,1.3448305320753138,0.13120631322126966,0.8116435416689238
1.0,3.0,20,60,40,60,0.8,False,38,34.21052631578947,1.3616389396459985,0.1289744552165329,0.8092459398136742
1.2,3.0,20,70,30,60,0.6,True,18,38.88888888888889,1.3334567395319648,0.12805426477728832,0.8090058893881067
1.2,3.0,20,60,30,60,0.6,True,18,38.88888888888889,1.3334567395319648,0.12805426477728832,0.8090058893881067
1.2,3.0,20,60,35,60,0.6,True,18,38.88888888888889,1.3334567395319648,0.12805426477728832,0.8090058893881067
1.2,3.0,20,60,40,60,0.6,True,18,38.88888888888889,1.3334567395319648,0.12805426477728832,0.8090058893881067
1.2,3.0,20,70,35,60,0.6,True,18,38.88888888888889,1.3334567395319648,0.12805426477728832,0.8090058893881067
1.2,3.0,20,70,40,60,0.6,True,18,38.88888888888889,1.3334567395319648,0.12805426477728832,0.8090058893881067
0.8,3.0,30,50,40,70,1.0,True,12,33.33333333333333,1.3651876273897199,0.13100334918326256,0.8087944835315124
0.8,3.0,30,50,30,70,1.0,True,12,33.33333333333333,1.3651876273897199,0.13100334918326256,0.8087944835315124
0.8,3.0,30,50,35,70,1.0,True,12,33.33333333333333,1.3651876273897199,0.13100334918326256,0.8087944835315124
0.8,3.0,25,70,40,70,1.0,False,36,30.555555555555557,1.3824124151837425,0.12893164750414984,0.8086592037593678
0.8,3.0,25,70,40,65,1.0,False,30,30.0,1.3827996019144504,0.1280185373172652,0.8070035084206783
1.0,2.0,25,60,40,60,1.0,False,25,44.0,1.3005083878943606,0.11927079446220382,0.8061083528396211
0.8,1.5,25,70,40,70,1.0,False,42,42.857142857142854,1.3063571539293446,0.12103801852718922,0.8059576092415387
1.0,3.0,25,50,40,60,0.8,False,26,34.61538461538461,1.353054894874305,0.12750151452034444,0.8058739041873753
0.8,2.0,30,60,40,60,1.0,False,19,36.84210526315789,1.3380545321076838,0.12406455662047201,0.8043664931674099
1.0,3.0,30,60,30,65,1.0,True,11,36.36363636363637,1.3374925289435482,0.12627863290618618,0.8030929001439204
1.0,3.0,30,70,40,65,1.0,True,11,36.36363636363637,1.3374925289435482,0.12627863290618618,0.8030929001439204
1.0,3.0,30,70,30,65,1.0,True,11,36.36363636363637,1.3374925289435482,0.12627863290618618,0.8030929001439204
1.0,3.0,30,60,40,65,1.0,True,11,36.36363636363637,1.3374925289435482,0.12627863290618618,0.8030929001439204
1.0,3.0,30,60,35,65,1.0,True,11,36.36363636363637,1.3374925289435482,0.12627863290618618,0.8030929001439204
1.0,3.0,30,70,35,65,1.0,True,11,36.36363636363637,1.3374925289435482,0.12627863290618618,0.8030929001439204
1.2,2.5,20,70,40,60,0.8,False,38,42.10526315789473,1.3052582167362707,0.11978414125604826,0.8029017260930292
0.8,2.0,25,70,40,65,1.0,False,32,37.5,1.3283736346710446,0.12275318144759748,0.8012374536250418
0.8,3.0,25,60,40,70,1.0,False,36,30.555555555555557,1.3685152106457392,0.1257228153588439,0.8010688350613051
1.0,2.0,20,50,40,65,0.8,False,50,42.0,1.3004989950625125,0.11968661789793701,0.8001868211108437
0.8,3.0,20,60,40,60,1.0,True,16,31.25,1.359863795166655,0.1278062554328454,0.7992431486698965
0.8,3.0,20,60,30,60,1.0,True,16,31.25,1.359863795166655,0.1278062554328454,0.7992431486698965
0.8,3.0,20,60,35,60,1.0,True,16,31.25,1.359863795166655,0.1278062554328454,0.7992431486698965
0.8,3.0,20,70,30,60,1.0,True,16,31.25,1.359863795166655,0.1278062554328454,0.7992431486698965
0.8,3.0,20,70,35,60,1.0,True,16,31.25,1.359863795166655,0.1278062554328454,0.7992431486698965
0.8,3.0,20,70,40,60,1.0,True,16,31.25,1.359863795166655,0.1278062554328454,0.7992431486698965
1.0,2.5,25,50,40,60,1.0,False,23,39.130434782608695,1.3147919703269793,0.11957248077440784,0.7987017856661973
0.8,3.0,25,60,40,65,1.0,False,30,30.0,1.36677033580723,0.12425667781869021,0.7982365034673531
1.2,3.0,30,70,30,70,1.0,True,15,40.0,1.3078672061263044,0.12125262003209639,0.7981841270695714
1.2,3.0,30,70,35,70,1.0,True,15,40.0,1.3078672061263044,0.12125262003209639,0.7981841270695714
1.2,3.0,30,60,40,70,1.0,True,15,40.0,1.3078672061263044,0.12125262003209639,0.7981841270695714
1.2,3.0,30,60,35,70,1.0,True,15,40.0,1.3078672061263044,0.12125262003209639,0.7981841270695714
1.2,3.0,30,60,30,70,1.0,True,15,40.0,1.3078672061263044,0.12125262003209639,0.7981841270695714
1.2,3.0,30,70,40,70,1.0,True,15,40.0,1.3078672061263044,0.12125262003209639,0.7981841270695714
0.8,2.0,25,60,40,65,1.0,False,32,37.5,1.31713488414,0.1195469487502261,0.7949768318200451
0.8,3.0,25,70,40,60,1.0,True,12,33.33333333333333,1.3361099636166112,0.12259191234765573,0.7925733642778368
0.8,3.0,25,70,35,60,1.0,True,12,33.33333333333333,1.3361099636166112,0.12259191234765573,0.7925733642778368
0.8,3.0,25,60,40,60,1.0,True,12,33.33333333333333,1.3361099636166112,0.12259191234765573,0.7925733642778368
0.8,3.0,25,70,30,60,1.0,True,12,33.33333333333333,1.3361099636166112,0.12259191234765573,0.7925733642778368
0.8,3.0,25,60,30,60,1.0,True,12,33.33333333333333,1.3361099636166112,0.12259191234765573,0.7925733642778368
0.8,3.0,25,60,35,60,1.0,True,12,33.33333333333333,1.3361099636166112,0.12259191234765573,0.7925733642778368
0.8,3.0,25,70,35,70,1.0,True,22,31.818181818181817,1.341033480906979,0.12406425665761973,0.790784137239559
0.8,3.0,25,70,30,70,1.0,True,22,31.818181818181817,1.341033480906979,0.12406425665761973,0.790784137239559
0.8,3.0,25,70,40,70,1.0,True,22,31.818181818181817,1.341033480906979,0.12406425665761973,0.790784137239559
0.8,3.0,25,60,40,70,1.0,True,22,31.818181818181817,1.341033480906979,0.12406425665761973,0.790784137239559
0.8,3.0,25,60,35,70,1.0,True,22,31.818181818181817,1.341033480906979,0.12406425665761973,0.790784137239559
0.8,3.0,25,60,30,70,1.0,True,22,31.818181818181817,1.341033480906979,0.12406425665761973,0.790784137239559
0.8,3.0,30,50,40,70,1.0,False,23,30.434782608695656,1.3501396407322828,0.11820856309232605,0.7900158808106936
1.2,3.0,25,60,30,65,0.6,True,16,37.5,1.3074067855777436,0.11717005873548512,0.7896374045359689
1.2,3.0,25,70,30,65,0.6,True,16,37.5,1.3074067855777436,0.11717005873548512,0.7896374045359689
1.2,3.0,25,70,40,65,0.6,True,16,37.5,1.3074067855777436,0.11717005873548512,0.7896374045359689
1.2,3.0,25,60,35,65,0.6,True,16,37.5,1.3074067855777436,0.11717005873548512,0.7896374045359689
1.2,3.0,25,60,40,65,0.6,True,16,37.5,1.3074067855777436,0.11717005873548512,0.7896374045359689
1.2,3.0,25,70,35,65,0.6,True,16,37.5,1.3074067855777436,0.11717005873548512,0.7896374045359689
0.8,2.0,30,60,40,70,1.0,False,28,35.714285714285715,1.3178969753044802,0.11747658994647783,0.7895866627843928
0.8,2.0,30,50,40,65,0.8,False,24,33.33333333333333,1.3300500604173773,0.11940786205780454,0.7889066026202495
0.8,2.0,20,50,40,60,0.8,False,51,37.254901960784316,1.303422059317072,0.11657209639828207,0.7867901548205454
1.0,3.0,25,70,40,70,1.0,False,35,34.285714285714285,1.3180959043614946,0.11631162172308498,0.7851674193825071
0.8,2.0,30,70,35,65,1.0,False,28,35.714285714285715,1.3043139764725642,0.11430048245530867,0.7821599418702009
1.0,3.0,25,60,40,70,1.0,False,35,34.285714285714285,1.3060248522064704,0.11304429117009722,0.7784784271943975
1.0,3.0,30,70,40,65,1.0,False,21,33.33333333333333,1.307927745567548,0.11055177321296578,0.7760742274263671
0.8,3.0,25,50,40,60,1.0,False,24,29.166666666666668,1.3320021517149625,0.11280949244527776,0.7760629743465368
0.8,2.5,30,70,40,60,1.0,False,19,31.57894736842105,1.3123039961145053,0.1088995566140761,0.772668751485331
