sl_multiplier,tp_multiplier,min_adx,rsi_min,rsi_max,volume_mult,disabled_scenarios,profit_factor,win_rate,total_trades,roi,sharpe,avg_win,avg_loss,total_pnl,score
1.0,3.5,20,35,65,0.8,"SCN_024,SCN_023",2.590167532664586,42.5531914893617,94,0.15564541011750407,0.4085974459449309,0.6338132297593062,0.18125904034485732,15.564541011749954,1.0128975305274521
1.0,3.5,20,35,70,0.8,"SCN_024,SCN_023",2.5527095741566708,42.15686274509804,102,0.1656784596459329,0.401875795783371,0.6334447906179194,0.1808522039318806,16.567845964589576,0.9998664352279026
1.0,3.5,25,35,65,0.8,"SCN_024,SCN_023",2.473053880877695,41.46341463414634,82,0.12828879791688452,0.38720732237897953,0.633468121766642,0.18143825725791465,12.828879791685921,0.9732877763411295
1.0,3.0,20,35,70,0.8,"SCN_024,SCN_023",2.291094226376996,43.269230769230774,104,0.13773290377979722,0.3673759063910738,0.5431380162917826,0.18081220940929554,13.773290377981779,0.9419718167069909
1.0,3.5,25,35,70,0.8,"SCN_024,SCN_023",2.376018195765642,40.44943820224719,89,0.13197063729923686,0.36899792511017604,0.632995173430096,0.18095778327470008,13.197063729924357,0.9394994054816567
1.0,3.0,20,35,65,0.8,"SCN_024,SCN_023",2.2764776642320426,43.15789473684211,95,0.1249113309846325,0.36437963894306924,0.5433355892757475,0.18121529744148088,12.49113309846568,0.9371712193727251
1.0,3.5,28,35,65,0.8,"SCN_024,SCN_023",2.3561608659710345,40.25974025974026,77,0.11307149799344189,0.36492136203758246,0.6337021526406813,0.1812525420113047,11.307149799341104,0.9326690178107605
1.2,3.5,20,35,65,0.8,"SCN_024,SCN_023",2.2427810776863146,43.47826086956522,92,0.14047666368398495,0.35984650680097097,0.6337769556192231,0.2173733049302536,14.04766636839574,0.9311160895501569
1.0,3.5,20,40,65,0.8,"SCN_024,SCN_023",2.335774477829066,40.0,70,0.10125550130618648,0.36056503000717754,0.6323512250653618,0.18048295645764761,10.125550130608929,0.9251082164946449
1.0,3.5,20,40,70,0.8,"SCN_024,SCN_023",2.315057373568538,39.743589743589745,78,0.1112831023482613,0.35665089700378627,0.631952721345245,0.18004732184832195,11.12831023483146,0.9175705879486745
1.0,3.5,25,35,65,1.2,"SCN_024,SCN_023",2.30683657987571,40.0,45,0.06422136067061729,0.354733134784532,0.6297998383005815,0.18200966749438158,6.422136067062164,0.9173840577684209
1.0,2.5,20,35,65,0.8,"SCN_024,SCN_023",2.1116809879083744,45.83333333333333,96,0.10476775503409953,0.3438534055515131,0.45229636031479126,0.18123585289311336,10.476775503408918,0.9167011314372062
1.2,3.5,20,35,70,0.8,"SCN_024,SCN_023",2.203237531135024,43.0,100,0.14874382308287748,0.3515206500470593,0.6334034656219143,0.21687660900811281,14.874382308279879,0.9166755322726823
1.0,3.5,28,35,70,0.8,"SCN_024,SCN_023",2.3106415798630633,39.75903614457831,83,0.11851923439318852,0.3561669559079983,0.6331746805485746,0.18085682037576123,11.8519234393149,0.9165831504426742
1.0,2.5,20,35,70,0.8,"SCN_024,SCN_023",2.1059381728386213,45.714285714285715,105,0.11398043590610542,0.34254816745576605,0.4521721859221481,0.18081090059039925,11.398043590610348,0.9141912206192583
1.0,3.5,20,35,65,1.0,"SCN_024,SCN_023",2.3007762162914034,39.726027397260275,73,0.10383491347947711,0.3542464682761855,0.6333112447418,0.1814212443082302,10.383491347950072,0.9136970810254406
1.0,3.5,25,35,65,1.0,"SCN_024,SCN_023",2.2908338070155687,39.682539682539684,63,0.08911573108893207,0.3521396727581453,0.6326122802363094,0.1816772078160284,8.911573108898658,0.9106781512236412
1.0,3.5,20,35,70,1.0,"SCN_024,SCN_023",2.284636940259285,39.50617283950617,81,0.11387898430570204,0.3511201906664584,0.632893149881958,0.18091188501320812,11.38789843057546,0.9076513672209587
1.0,3.5,20,35,65,1.2,"SCN_024,SCN_023",2.279088951779148,39.62264150943396,53,0.0743580898462824,0.34957985853616014,0.6309129739362932,0.18166760837591656,7.435808984632827,0.9070318639132996
1.0,3.0,25,35,65,0.8,"SCN_024,SCN_023",2.1830418766910458,42.168674698795186,83,0.10300899638894408,0.34470696482043395,0.5430865664991564,0.18139854559541221,10.300899638890689,0.9041769962883445
1.0,3.5,25,40,65,0.8,"SCN_024,SCN_023",2.267236253333821,39.34426229508197,61,0.08466158668097705,0.34704257758410173,0.6311234983580191,0.18056230520236888,8.466158668104807,0.9016163204025642
1.2,3.5,25,35,65,0.8,"SCN_024,SCN_023",2.151775087068445,42.5,80,0.11527991579367153,0.34030556986806143,0.6334377299800573,0.21758459217302753,11.52799157936268,0.8987984486273141
1.0,2.5,25,35,65,0.8,"SCN_024,SCN_023",2.0581567435535018,45.23809523809524,84,0.08831495969807292,0.33138228184814056,0.45204234669225407,0.1814372435761192,8.83149596980417,0.8973717157086024
1.0,3.0,25,35,70,0.8,"SCN_024,SCN_023",2.151040692801093,41.75824175824176,91,0.11037217817094643,0.33787526382472166,0.5427926591347516,0.18092270245334527,11.037217817093257,0.8922879730236428
1.0,3.0,28,35,65,0.8,"SCN_024,SCN_023",2.150456925324501,41.77215189873418,79,0.09590448554696196,0.33753268803664205,0.5432320255048452,0.18122191928193387,9.590448554690932,0.8922059457716974
1.0,2.5,28,35,65,0.8,"SCN_024,SCN_023",2.0408819787813544,45.0,80,0.08301327222354302,0.32716654573610254,0.452128031628358,0.18125640718800595,8.301327222348629,0.8907335526716665
1.0,3.5,20,35,70,1.2,"SCN_024,SCN_023",2.229501351386289,38.983050847457626,59,0.08010125561077075,0.33963457040942907,0.6315245198371168,0.18097051097724035,8.010125561073036,0.8886871505046999
1.0,2.5,25,35,70,0.8,"SCN_024,SCN_023",2.0076282928801055,44.565217391304344,92,0.09298059430784633,0.3195136557709754,0.4518470123632555,0.18093466815890738,9.298059430789198,0.8782206167642885
1.0,3.0,20,40,70,0.8,"SCN_024,SCN_023",2.114187141670324,41.25,80,0.09426919623401772,0.3293521604331384,0.5420522472876843,0.18001711781034466,9.426919623407386,0.8782023597952654
1.0,3.5,25,35,70,1.0,"SCN_024,SCN_023",2.1919026244008473,38.57142857142858,70,0.09279459192235663,0.3324479223511028,0.6320324589563808,0.18105621394379928,9.279459192238914,0.8754233613234768
1.0,3.0,28,35,70,0.8,"SCN_024,SCN_023",2.1012380286373475,41.17647058823529,85,0.09956588170314717,0.32689006544949534,0.5427958911411567,0.1808253603925167,9.956588170314646,0.8741823156295127
1.0,2.0,25,40,65,0.8,"SCN_024,SCN_023",1.8686891098114207,48.4375,64,0.051844545511066834,0.2974078185537255,0.3597609781675741,0.18085259915447333,5.184454551097179,0.8730954287149525
1.0,2.0,20,40,70,0.8,"SCN_024,SCN_023",1.8588471253847854,48.19277108433735,83,0.06654910612345702,0.2951398372057791,0.3600891560273355,0.180201293691796,6.6549106123461925,0.8684631374654451
1.0,3.0,20,35,70,1.0,"SCN_024,SCN_023",2.0820657667178404,40.963855421686745,83,0.09590454902481724,0.3226717302686891,0.5427515551292457,0.18087955044728227,9.590454902477525,0.8673048106524383
1.0,2.5,28,35,70,0.8,"SCN_024,SCN_023",1.9779613104597187,44.18604651162791,86,0.08488903659885182,0.31227082771030346,0.4518186221170089,0.1808375829283356,8.488903659886232,0.8670578158186749
1.2,3.0,20,35,70,0.8,"SCN_024,SCN_023",1.9774410741655855,44.11764705882353,102,0.12080386858673592,0.31228798379564915,0.5431018650535391,0.21682801874961055,12.080386858681461,0.8663920910751663
1.0,2.0,20,35,70,0.8,"SCN_024,SCN_023",1.8523204143552492,48.148148148148145,108,0.08635169456043514,0.293918932270258,0.36089489882894343,0.18091723719752867,8.635169456043448,0.8663797705797863
1.0,3.5,25,40,70,0.8,"SCN_024,SCN_023",2.168185149701915,38.23529411764706,68,0.08834182183756639,0.32724189555413097,0.6306344446236397,0.18005508039170615,8.834182183762973,0.8663325371306452
1.2,3.5,25,35,70,0.8,"SCN_024,SCN_023",2.0590000822501735,41.37931034482759,87,0.11719746198483336,0.31987738279431743,0.6329597238596694,0.21699615412680398,11.719746198481094,0.8647807324160472
1.2,3.0,20,35,65,0.8,"SCN_024,SCN_023",1.9711666447044878,44.086021505376344,93,0.10974811590351238,0.3107512196491858,0.5433038720847327,0.21732013779091727,10.974811590346352,0.8644189257489222
1.0,3.0,20,40,65,0.8,"SCN_024,SCN_023",2.074742683386523,40.845070422535215,71,0.08145318850482,0.32060414297932727,0.5422128878922472,0.18044892615205574,8.145318850488831,0.8643012133336916
1.2,3.5,28,35,65,0.8,"SCN_024,SCN_023",2.0540965251000425,41.333333333333336,75,0.1008061095636549,0.31850970680067,0.6336736184323878,0.21734707306910306,10.080610956363488,0.8630408069901216
1.0,2.0,20,40,65,0.8,"SCN_024,SCN_023",1.836903512266173,47.94520547945205,73,0.05747101858276437,0.2891650135645359,0.3604058270959162,0.180713212896824,5.74710185827775,0.8603666322918128
1.0,2.0,25,40,70,0.8,"SCN_024,SCN_023",1.8363743303868862,47.94520547945205,73,0.057286993650523074,0.2890252074226597,0.35937553243654863,0.18024853342729574,5.728699365041962,0.8602198554963332
1.0,2.0,20,35,65,0.8,"SCN_024,SCN_023",1.835411110477291,47.95918367346938,98,0.07727181051897787,0.2893518441855682,0.36120715100638356,0.18136382441962476,7.72718105189916,0.8601613691967176
1.2,3.5,20,40,65,0.8,"SCN_024,SCN_023",2.045736949996194,41.17647058823529,68,0.09050482313517932,0.31623426280624334,0.6323259839492741,0.21636613092671345,9.050482313511138,0.8594560968393682
1.0,2.5,20,40,70,0.8,"SCN_024,SCN_023",1.9514355011094382,43.75,80,0.07706288196653986,0.3054590102982393,0.45159804320319,0.1799920736768804,7.706288196652033,0.8562447853085755
1.0,3.5,28,35,65,1.2,"SCN_024,SCN_023",2.1343560538316106,38.095238095238095,42,0.053568921818623494,0.3196348963419106,0.6299562656861873,0.1816310795813489,5.356892181863927,0.8560508000462658
1.0,3.5,25,35,70,1.2,"SCN_024,SCN_023",2.1326235397977893,38.0,50,0.0636020675891814,0.31963562449047567,0.6302984631166719,0.18114400129977287,6.360206758923805,0.8548847633678969
1.0,3.5,28,40,65,0.8,"SCN_024,SCN_023",2.1345930147938237,37.93103448275862,58,0.07376495141515989,0.3201421082845331,0.6308155033821238,0.18059572035805577,7.376495141516718,0.8548769973613833
1.0,3.0,25,35,65,1.0,"SCN_024,SCN_023",2.0433485945793874,40.625,64,0.07201625643774606,0.31384287641289044,0.5424631258038667,0.18164251650344226,7.201625643769728,0.8540884848040055
1.0,3.0,20,35,65,1.0,"SCN_024,SCN_023",2.041103518331284,40.54054054054054,74,0.08308986986439777,0.3135026068627529,0.5429976389851167,0.18138504961623791,8.30898698643903,0.8528322464120827
1.0,2.5,20,40,65,0.8,"SCN_024,SCN_023",1.9400635846895826,43.66197183098591,71,0.06785359831870665,0.30259209168317935,0.4517206287180666,0.18044949145958858,6.785359831876524,0.8524092930226531
1.0,2.5,25,35,65,1.0,"SCN_024,SCN_023",1.934302584129336,43.75,64,0.06111811540242343,0.3013583288689204,0.4519067047141293,0.18171044977104378,6.111811540238042,0.8515636577749984
1.0,2.0,25,35,65,0.8,"SCN_024,SCN_023",1.8109291886869086,47.674418604651166,86,0.06626751706589856,0.28264428044711104,0.3609403024443456,0.18159557096945342,6.626751706592766,0.8510528729386732
1.2,3.5,25,35,65,1.0,"SCN_024,SCN_023",2.016466963383769,40.98360655737705,61,0.07971983758108762,0.3098150862167822,0.632592792877571,0.21785655732849105,7.971983758113592,0.8500136582846929
1.2,3.5,20,40,70,0.8,"SCN_024,SCN_023",2.0168808955320636,40.78947368421053,76,0.0987678570774915,0.30981227147302365,0.6319229109442238,0.2158405451448127,9.876785707754363,0.8485567103433364
1.0,2.5,25,40,65,0.8,"SCN_024,SCN_023",1.9269455683850096,43.54838709677419,62,0.058572601079631574,0.29920096033072097,0.4509682438379874,0.18053949930467408,5.857260107962068,0.8478745561191492
1.2,3.5,20,35,65,1.0,"SCN_024,SCN_023",2.0099390431916957,40.845070422535215,71,0.09228051402193159,0.3085150931143089,0.6332857731364199,0.21755323854182185,9.228051402199656,0.8471655223107288
1.0,2.0,28,40,65,0.8,"SCN_024,SCN_023",1.8011207336223007,47.540983606557376,61,0.046376588445018574,0.2793033326905825,0.3595387083552344,0.18090511555637828,4.63765884449769,0.8471399288127597
1.0,3.0,25,40,65,0.8,"SCN_024,SCN_023",2.025759351669042,40.32258064516129,62,0.06851665983933344,0.3095100066586591,0.5412507882632116,0.18052983034160777,6.851665983940803,0.8468428283271766
1.2,3.5,28,35,70,0.8,"SCN_024,SCN_023",2.007192097508286,40.74074074074074,81,0.10484283686175332,0.30792342631184827,0.6331424794580655,0.21686287783206215,10.484283686177179,0.845591319729834
1.0,3.0,25,35,70,1.0,"SCN_024,SCN_023",2.019709834588085,40.27777777777778,72,0.07937562061495555,0.30858314990447455,0.5421275879589074,0.18102646486776866,7.93756206149426,0.8449183752768544
1.0,2.0,25,35,70,0.8,"SCN_024,SCN_023",1.7920960481949257,47.368421052631575,95,0.07171074976138697,0.27759640212703524,0.360541436731382,0.18106579353549773,7.171074976137303,0.8433691800210411
1.0,2.5,20,35,70,1.0,"SCN_024,SCN_023",1.914584018433202,43.373493975903614,83,0.0777557744326623,0.2967471784170986,0.45214837222055654,0.1808885948228574,7.775577443265735,0.8431820858444925
1.2,3.5,25,40,65,0.8,"SCN_024,SCN_023",1.9994316007088238,40.67796610169492,59,0.07571082879754612,0.3055221776657012,0.6311029835454247,0.2164396778667437,7.571082879754163,0.842878131923235
1.0,3.5,28,40,70,0.8,"SCN_024,SCN_023",2.099160277171974,37.5,64,0.07921054891632594,0.312871487583391,0.6303131326382009,0.1801615072920596,7.921054891634438,0.8419493126040258
1.0,2.5,28,40,65,0.8,"SCN_024,SCN_023",1.9089163262048845,43.333333333333336,60,0.05580611314337147,0.2947248211371775,0.45078703324653896,0.18058386911981408,5.580611314336333,0.841201279637336
1.0,3.0,25,40,70,0.8,"SCN_024,SCN_023",2.0035160959180778,40.0,70,0.0758773045014459,0.30458208895187383,0.5410312567905228,0.1800272557140282,7.587730450145457,0.8382507705395306
1.2,3.5,20,35,70,1.0,"SCN_024,SCN_023",1.986298446450524,40.50632911392405,79,0.10055959614139283,0.3031407421158805,0.6328629860662655,0.216928849786746,10.055959614143434,0.8380437274358281
1.0,2.5,20,35,65,1.0,"SCN_024,SCN_023",1.899590353918803,43.24324324324324,74,0.06854796475845433,0.29297216580385954,0.4523345406216216,0.18142640057244033,6.8547964758493976,0.8380123894943099
1.2,3.0,25,35,65,0.8,"SCN_024,SCN_023",1.8994430348007227,43.20987654320987,81,0.09000427512155511,0.2930276506443384,0.5430598615469315,0.21753625308672683,9.000427512153166,0.8377203289065707
1.0,3.0,28,40,65,0.8,"SCN_024,SCN_023",1.9974288204045723,40.0,60,0.06483835603468834,0.30305655768621115,0.541016053652179,0.18057082456054613,6.4838356034726345,0.836576151042102
1.0,3.0,20,35,70,1.2,"SCN_024,SCN_023",1.9949431883958804,40.0,60,0.06481321973536978,0.3026130755935575,0.5414827229043633,0.18095176044913364,6.481321973535908,0.8359222565579649
1.2,2.5,20,35,65,0.8,"SCN_024,SCN_023",1.795473608678137,46.31578947368421,95,0.08816469927192884,0.2764495089495164,0.4522674206363746,0.21731954080023422,8.816469927188539,0.8355450759726251
1.0,2.0,28,40,70,0.8,"SCN_024,SCN_023",1.7690639452107357,47.05882352941176,68,0.049940869268466484,0.2707140851644898,0.35899400728239605,0.1803811473943108,4.994086926841485,0.8343711896452141
1.0,3.5,28,35,65,1.0,"SCN_024,SCN_023",2.0741675355010423,37.28813559322034,59,0.07209298528268845,0.3076245987485481,0.6327645475496048,0.18139247345475593,7.209298528265335,0.8335482761540973
1.0,2.5,25,35,70,1.0,"SCN_024,SCN_023",1.886165125787632,43.05555555555556,72,0.06578094453408995,0.2895232894021969,0.4516515107225269,0.1810512775362922,6.5780944534103565,0.8328035220285914
1.2,2.5,20,35,70,0.8,"SCN_024,SCN_023",1.7874868602510654,46.15384615384615,104,0.09561241759400219,0.2743137476750448,0.45213966086484464,0.21681182075199223,9.561241759400977,0.8320299945685252
1.0,3.0,25,35,65,1.2,"SCN_024,SCN_023",1.9773569892013059,40.0,45,0.0480245384573027,0.2983632308905674,0.5397871664828556,0.18198945003548617,4.8024538457332735,0.8311105026287327
1.0,2.0,28,35,65,0.8,"SCN_024,SCN_023",1.7583145459609288,46.913580246913575,81,0.059154907411430036,0.2680844481709061,0.3609560824920623,0.1814148928732535,5.915490741148465,0.8302627773946764
1.0,2.5,25,40,70,0.8,"SCN_024,SCN_023",1.8782608808494932,42.857142857142854,70,0.06323684924418557,0.2872496851380113,0.4507973380625639,0.18000588043659255,6.323684924413215,0.8289929625783597
1.2,3.0,28,35,65,0.8,"SCN_024,SCN_023",1.874770819247625,42.857142857142854,77,0.08364223338836381,0.2866846998008374,0.5432072761502885,0.21730947213922105,8.364223338833794,0.8280844506483949
1.2,3.0,25,35,70,0.8,"SCN_024,SCN_023",1.8640423990005797,42.69662921348314,89,0.09560306592826237,0.2841864600564038,0.5427614022875954,0.21695346459032874,9.56030659282186,0.8238806701507343
1.0,3.5,25,40,65,1.0,"SCN_024,SCN_023",2.0483011606091064,36.95652173913043,46,0.05479882688772705,0.30123716375349413,0.6298397766944804,0.18025494879430126,5.479882688771429,0.8237953053474173
1.0,3.5,28,35,70,1.0,"SCN_024,SCN_023",2.0454401086493457,36.92307692307693,65,0.07753695392941154,0.301593215218581,0.6320990005288097,0.18089464926234414,7.753695392935326,0.8229195099392261
1.0,3.5,28,35,70,1.2,"SCN_024,SCN_023",2.0427599306918736,36.95652173913043,46,0.05471502550135483,0.3002760527499632,0.6305081149451287,0.1809357035838651,5.471502550135101,0.8223421665328079
1.0,2.0,28,35,70,0.8,"SCN_024,SCN_023",1.7373809386805092,46.590909090909086,88,0.06271964347899484,0.2623354246466499,0.36043160837032623,0.1809730126656708,6.2719643478968425,0.8218387291938333
1.0,3.0,20,35,65,1.2,"SCN_024,SCN_023",1.9535812201620026,39.62264150943396,53,0.055427980380354715,0.2931274234607261,0.5407338310475678,0.18164413793634826,5.54279803803578,0.82167132069006
1.2,2.5,25,35,65,0.8,"SCN_024,SCN_023",1.7545612579991068,45.78313253012048,83,0.0738694621815921,0.26513122891401436,0.45201762899376574,0.21754941519113938,7.386946218161823,0.8198512252597578
1.0,3.0,28,40,70,0.8,"SCN_024,SCN_023",1.9506503182037087,39.39393939393939,66,0.06849861582672019,0.292395488192794,0.5405888361177171,0.1801362039097265,6.849861582671587,0.8190358374311796
1.0,2.5,25,40,65,1.0,"SCN_024,SCN_023",1.850705589371057,42.5531914893617,47,0.04139620867825215,0.27943926617533543,0.45028618441470236,0.1802260303876968,4.139620867826236,0.8188300471306962
1.2,3.5,25,35,65,1.2,"SCN_024,SCN_023",1.9223954775950642,40.0,45,0.05439213291347186,0.2875727203747631,0.6297804217955405,0.21840127040644178,5.439213291345801,0.8164877315013088
1.0,2.5,28,40,70,0.8,"SCN_024,SCN_023",1.8427244134327303,42.42424242424242,66,0.057681367599852824,0.278233441031771,0.4504559539367535,0.18012184079591792,5.768136759984215,0.8157352093668716
1.2,3.0,20,40,70,0.8,"SCN_024,SCN_023",1.8418863547117656,42.30769230769231,78,0.08175695430598352,0.2781082490094424,0.5420260063003086,0.21580361727353242,8.175695430601227,0.8145863960625241
1.2,2.5,28,35,65,0.8,"SCN_024,SCN_023",1.7416966589408607,45.56962025316456,79,0.06930997983268752,0.26143390171386066,0.4521051641480076,0.21732064944323815,6.930997983269032,0.8145251660638273
1.2,3.5,25,35,70,1.0,"SCN_024,SCN_023",1.9171697996301604,39.705882352941174,68,0.08163485714670969,0.2867649810616209,0.6320081898881242,0.21709110761731604,8.163485714669395,0.8127808422475036
1.0,3.5,20,40,70,1.0,"SCN_024,SCN_023",2.018788259146167,36.507936507936506,63,0.07322232013853863,0.29539324929277755,0.6308447437479137,0.17967992730870497,7.322232013853816,0.8123462940797272
1.5,3.5,20,35,65,0.8,"SCN_024,SCN_023",1.7942634544729161,43.47826086956522,92,0.11220804706723357,0.2702344653777084,0.6337028256077483,0.27167900610736,11.220804706727213,0.8115266372298202
1.0,3.0,25,35,70,1.2,"SCN_024,SCN_023",1.9253181331981812,39.21568627450981,51,0.0519566804679198,0.28622490265419437,0.5405337659392198,0.18112926683809213,5.195668046803539,0.8106705383846865
1.2,3.0,28,35,70,0.8,"SCN_024,SCN_023",1.8252946543137223,42.168674698795186,83,0.08589310631086845,0.27415917565327513,0.542767974607556,0.21682434333694536,8.589310631091076,0.8089446795391092
1.2,3.5,20,35,65,1.2,"SCN_024,SCN_023",1.8992777113323682,39.62264150943396,53,0.0627304073994128,0.28231983925334647,0.6308897266746774,0.2179888600071106,6.273040739940691,0.807199237928582
1.2,2.0,25,40,65,0.8,"SCN_024,SCN_023",1.6077440953055662,49.2063492063492,63,0.04215637759738456,0.23027048907759004,0.3597474856403806,0.21676669672226798,4.215637759739226,0.8071694974016907
1.0,3.5,20,40,65,1.0,"SCN_024,SCN_023",2.0020415541014294,36.36363636363637,55,0.06318232825138693,0.2915715550775254,0.6311796458259666,0.18015314546805403,6.318232825137443,0.8066473793790121
1.2,3.0,20,40,65,0.8,"SCN_024,SCN_023",1.8171232955477203,42.028985507246375,69,0.07070551334418268,0.2716493387699196,0.5421907272512637,0.21632449389664607,7.070551334420808,0.8055022094807589
1.2,3.5,25,40,70,0.8,"SCN_024,SCN_023",1.8991877090997302,39.39393939393939,66,0.07762761710693666,0.2821595007148751,0.6306093942178177,0.21582706347435457,7.762761710689076,0.8053218973939313
1.0,2.5,25,35,65,1.2,"SCN_024,SCN_023",1.8056073895496405,42.22222222222222,45,0.03813193722569849,0.2684191146801619,0.4498162604144294,0.18205058558856074,3.8131937225715813,0.8038226877860543
1.2,3.0,20,35,70,1.0,"SCN_024,SCN_023",1.8101825713108584,41.9753086419753,81,0.08258842860685035,0.2702517694920921,0.5427249267089844,0.2168894605833826,8.25884286068649,0.8032203640236847
1.0,3.5,25,40,65,1.2,"SCN_024,SCN_023",1.9871583709511207,36.36363636363637,33,0.03744102863747684,0.28710340088789227,0.628075964162879,0.180609938390786,3.744102863748042,0.802429944279001
1.2,2.5,25,35,70,0.8,"SCN_024,SCN_023",1.7077374567777062,45.05494505494506,91,0.07677132078095383,0.2520985490356249,0.45181857201453607,0.21694858749013546,7.677132078089207,0.8009280585269628
1.2,3.5,28,40,65,0.8,"SCN_024,SCN_023",1.8854814236431723,39.285714285714285,56,0.0651732376201653,0.2786599422382705,0.6307967085397533,0.21647658311334436,6.517323762020865,0.8006747035088329
1.2,3.0,25,35,65,1.0,"SCN_024,SCN_023",1.798627535717946,41.935483870967744,62,0.06262284435786569,0.2669950623424741,0.5424458605516939,0.21781410940454174,6.26228443578054,0.7996628063590083
1.0,2.5,25,40,70,1.0,"SCN_024,SCN_023",1.8013595341620214,41.81818181818181,55,0.04605811877288943,0.267058825177425,0.45014388369514174,0.17960929524065936,4.605811877287161,0.7993724833794971
1.5,3.5,20,35,70,0.8,"SCN_024,SCN_023",1.7626293751593234,43.0,100,0.11782711052719605,0.2618178184146724,0.6333215209888913,0.2710546377157323,11.782711052725586,0.7989164906062876
1.2,2.0,20,40,70,0.8,"SCN_024,SCN_023",1.5874519265694564,48.78048780487805,82,0.05329902582012437,0.2243055982994529,0.3600704900085285,0.2160218337695875,5.329902582018466,0.7980336183551396
1.2,3.0,25,40,65,0.8,"SCN_024,SCN_023",1.7864835685856308,41.66666666666667,60,0.05956822201012983,0.2635155568480758,0.5412326669317106,0.21639984206524118,5.9568222010093255,0.7940987588113266
1.2,3.0,20,35,65,1.0,"SCN_024,SCN_023",1.7830951691783323,41.66666666666667,72,0.07153874117389933,0.2631184544958835,0.5429752296480597,0.21750911362029784,7.153874117389278,0.7932419485575916
1.0,3.0,20,40,70,1.0,"SCN_024,SCN_023",1.8829946760755365,38.46153846153847,65,0.06345397963386858,0.2761239180172366,0.5412648980276711,0.17965561218279508,6.345397963379972,0.7930783851128057
1.2,2.0,20,40,65,0.8,"SCN_024,SCN_023",1.5737196166089136,48.61111111111111,72,0.045984669529316305,0.21988028211823296,0.36038996056423883,0.216626531535497,4.59846695293497,0.7927368464506741
1.2,2.0,25,40,70,0.8,"SCN_024,SCN_023",1.5733771819489224,48.61111111111111,72,0.04583574111302369,0.21976913215931523,0.35935910678657257,0.2160539088169833,4.583574111301659,0.7926384200368566
1.0,2.5,20,35,70,1.2,"SCN_024,SCN_023",1.7808410839078075,41.66666666666667,60,0.04945464828506374,0.2622358197919725,0.45115899391716274,0.18095742912635304,4.9454648285067115,0.7925688895438172
1.2,2.0,20,35,70,0.8,"SCN_024,SCN_023",1.5727228329953662,48.598130841121495,107,0.06833549416662209,0.22008179866157238,0.36086992556946834,0.21693975841737057,6.833549416656972,0.7924340075381527
1.0,2.5,20,40,70,1.0,"SCN_024,SCN_023",1.7839547086182141,41.53846153846154,65,0.05350914389968238,0.2628110021588438,0.4509798001632127,0.17961947932727296,5.35091438997037,0.7923656246784162
1.0,2.5,28,35,65,1.0,"SCN_024,SCN_023",1.7797105222674532,41.66666666666667,60,0.04950884508427407,0.2619407102767156,0.45202115413563226,0.18141840985615196,4.950884508425491,0.792255906908525
1.2,2.5,28,35,70,0.8,"SCN_024,SCN_023",1.6847076432184596,44.70588235294118,85,0.06977563975893646,0.24543749578860227,0.451793107292154,0.2168207255577768,6.977563975886339,0.7916517582059369
1.2,3.5,20,35,70,1.2,"SCN_024,SCN_023",1.857956761451322,38.983050847457626,59,0.0670701795086461,0.2722815606426699,0.631497788947411,0.21715086652568044,6.707017950865956,0.7907679112254145
1.0,3.5,25,40,70,1.0,"SCN_024,SCN_023",1.9572343330474642,35.84905660377358,53,0.05847642637398166,0.28162897504659,0.6292913779770317,0.17967333953414238,5.847642637402763,0.790418626382362
1.2,2.0,20,35,65,0.8,"SCN_024,SCN_023",1.5611712100252435,48.45360824742268,97,0.0610200386408178,0.2163774869361344,0.361185055047746,0.2174738744633854,6.10200386407479,0.7879650628079606
1.2,3.0,25,35,70,1.0,"SCN_024,SCN_023",1.7665623694496377,41.42857142857143,70,0.06821825823151813,0.2586767682854736,0.5421058674958945,0.21705473985916235,6.821825823155283,0.7867392523477326
1.0,3.0,28,35,65,1.0,"SCN_024,SCN_023",1.8598820577800106,38.333333333333336,60,0.05770102152820982,0.27083595794323084,0.5426279796161186,0.18136057779322548,5.770102152821386,0.7857784731392077
1.0,3.0,25,40,65,1.0,"SCN_024,SCN_023",1.860961814740954,38.297872340425535,47,0.044998409255495066,0.27032560015044926,0.5403538223494594,0.18022509919789423,4.499840925551339,0.7856616688547017
1.2,3.0,28,40,65,0.8,"SCN_024,SCN_023",1.7643335937272862,41.37931034482759,58,0.056248441387779166,0.2576580025920396,0.5409996779643639,0.21644553330481536,5.624844138781009,0.785655321726994
1.0,2.5,20,35,65,1.2,"SCN_024,SCN_023",1.75999460638462,41.509433962264154,53,0.04280332044134411,0.2567368855377032,0.45056308461893285,0.18167921991861072,4.280332044139593,0.7855303607774751
1.2,3.5,28,40,70,0.8,"SCN_024,SCN_023",1.8433759500563873,38.70967741935484,62,0.06920852796502004,0.2685560631789747,0.6302909553611148,0.21595079295172126,6.92085279650135,0.7845578182311582
1.2,2.0,28,40,65,0.8,"SCN_024,SCN_023",1.5511681452570165,48.333333333333336,60,0.0370470755192946,0.21254552897960874,0.35952632926205197,0.21682438698943235,3.704707551927105,0.7840301553899054
1.0,3.0,25,40,70,1.0,"SCN_024,SCN_023",1.857158613083537,38.18181818181819,55,0.0523557865218936,0.26964458166316807,0.5401734032581732,0.179648906359782,5.235578652189052,0.7837323187845655
1.5,3.5,25,35,65,0.8,"SCN_024,SCN_023",1.7214563161705507,42.5,80,0.0902511823210807,0.25045962786799597,0.633373588647055,0.27194747351935594,9.025118232109495,0.7834164117511279
1.2,2.5,20,40,70,0.8,"SCN_024,SCN_023",1.6647354611736636,44.303797468354425,79,0.06311026081217277,0.23941864321728784,0.4515733605943717,0.2157736713542053,6.311026081217976,0.7827717612235715
1.2,2.5,25,35,65,1.0,"SCN_024,SCN_023",1.6594914814173969,44.44444444444444,63,0.05028338111360426,0.2378738655777245,0.45188952920646763,0.2178448201833501,5.028338111363839,0.7824158788159021
1.2,3.5,25,40,65,1.0,"SCN_024,SCN_023",1.836078641979765,38.63636363636363,44,0.04875585350229812,0.2659158175299714,0.6298280398963141,0.21598116029642384,4.875585350233894,0.7818285618078494
1.2,3.0,25,40,70,0.8,"SCN_024,SCN_023",1.7549518002915074,41.17647058823529,68,0.06516531029819816,0.25533966610480185,0.5410088932649207,0.21579294954000403,6.516531029817617,0.7814571291247011
1.2,2.0,25,35,65,0.8,"SCN_024,SCN_023",1.5445582397445088,48.23529411764706,85,0.052171894436960436,0.21098561173690641,0.3609214595914358,0.2177406908989634,5.217189443694478,0.7814435441710463
1.2,2.5,20,40,65,0.8,"SCN_024,SCN_023",1.6598359818626092,44.285714285714285,70,0.055664960846970646,0.23789834365400872,0.45169927601934157,0.2163123454336006,5.566496084689165,0.7812305006626579
1.2,3.5,28,35,65,1.0,"SCN_024,SCN_023",1.8286867602909427,38.59649122807017,57,0.06308154130038018,0.26494438988467417,0.6327447283975872,0.21749228270599727,6.3081541300370105,0.7796229055398938
1.2,2.5,25,40,65,0.8,"SCN_024,SCN_023",1.6548894745454568,44.26229508196721,61,0.04818273758281066,0.23629056542452184,0.4509503108983206,0.2163936657639203,4.818273758281366,0.7796209989537646
1.0,2.5,20,40,65,1.0,"SCN_024,SCN_023",1.7453609385569269,41.07142857142857,56,0.04430356507449688,0.2524404496901843,0.45105495886146235,0.18011841049581218,4.430356507451831,0.7778957225164089
1.0,2.5,25,35,70,1.2,"SCN_024,SCN_023",1.7404526308168564,41.17647058823529,51,0.040239817510228024,0.2512927180880207,0.45040337384470597,0.18114963665705794,4.023981751027087,0.7773994982444856
1.0,3.0,28,35,65,1.2,"SCN_024,SCN_023",1.8295005479022879,38.095238095238095,42,0.03916863380720315,0.26288495197767764,0.5399260825682435,0.18161361309148208,3.916863380713361,0.7754595246020516
1.2,2.5,28,40,65,0.8,"SCN_024,SCN_023",1.6408715554543427,44.06779661016949,59,0.04577469367433878,0.23217924176626387,0.45077071018893705,0.21644148780224393,4.577469367438316,0.7741089427817465
1.0,3.0,28,35,70,1.0,"SCN_024,SCN_023",1.8274662483611301,37.878787878787875,66,0.061359482619973274,0.2630203023906049,0.5420517572873906,0.18086208951658497,6.135948262004783,0.7732758113796675
1.2,2.0,25,35,70,0.8,"SCN_024,SCN_023",1.5250090953068514,47.87234042553192,94,0.055851626304447566,0.20478078867255065,0.3605196297804595,0.217106545095202,5.585162630455778,0.7729443104212791
1.0,2.5,28,35,70,1.0,"SCN_024,SCN_023",1.7283605631157906,40.909090909090914,66,0.05138244404568468,0.24838564869080268,0.4515843877853048,0.18088548886247735,5.138244404566614,0.7719544667815456
1.0,2.0,25,40,65,1.0,"SCN_024,SCN_023",1.612092162780927,44.680851063829785,47,0.028698041021179965,0.2248473027491978,0.3599200206906904,0.18032755124548777,2.869804102121815,0.7710761969510541
1.0,2.0,25,40,70,1.0,"SCN_024,SCN_023",1.6129042954234725,44.642857142857146,56,0.03413769287075411,0.2254039776816543,0.35934374667162466,0.17967175418423315,3.413769287079391,0.7710545223552765
1.2,2.5,20,35,70,1.0,"SCN_024,SCN_023",1.6314801808926747,43.90243902439025,82,0.06299953991370785,0.22995982386772895,0.45212336861086133,0.21688015823079737,6.299953991374327,0.7702248583813676
1.2,2.0,28,40,70,0.8,"SCN_024,SCN_023",1.5180476454355207,47.76119402985074,67,0.03920160709267293,0.2020855419413672,0.35897945312408674,0.21620519402030292,3.9201607092601742,0.7699815931639886
1.5,3.5,28,35,65,0.8,"SCN_024,SCN_023",1.6824575487077444,41.891891891891895,74,0.07967237813034445,0.23942849214817602,0.6335991119472604,0.2714961548216248,7.967237813035206,0.7676133118583048
1.2,2.5,20,35,65,1.0,"SCN_024,SCN_023",1.6229374785260704,43.83561643835616,73,0.05555609323566387,0.2273712655071769,0.45231297773068935,0.21752209667835865,5.555609323569354,0.7672655540807952
1.2,3.5,28,35,70,1.0,"SCN_024,SCN_023",1.7934773317503048,38.095238095238095,63,0.06711490203198991,0.2562756406900786,0.6320756886628228,0.2168801621719583,6.711490203201374,0.7659525556186556
1.2,3.0,28,40,70,0.8,"SCN_024,SCN_023",1.7129694669055642,40.625,64,0.058498698226176205,0.2440373682529994,0.5405695074054887,0.2159194044715375,5.849869822624283,0.7653657703201315
1.0,3.0,20,40,65,1.0,"SCN_024,SCN_023",1.8033077536370354,37.5,56,0.05064345492548454,0.25652227145608913,0.541367178540198,0.1801247216228061,5.064345492545943,0.7635255210913231
1.2,2.0,28,35,65,0.8,"SCN_024,SCN_023",1.501357564826455,47.5,80,0.045801552451230236,0.19692124053306262,0.36093846450137307,0.21751205728386733,4.580155245129747,0.7631369718816833
1.2,2.5,25,35,70,1.0,"SCN_024,SCN_023",1.6125432753637357,43.66197183098591,71,0.053182710778255565,0.22421855845138897,0.4516306193148888,0.217056953023532,5.3182710778202695,0.7629256319746571
1.0,3.5,20,40,65,1.2,"SCN_024,SCN_023",1.8791999003632467,35.0,40,0.04124579839382932,0.2634201090185273,0.6297048373191638,0.18043414934941604,4.124579839383477,0.762383328254512
1.2,3.5,28,35,65,1.2,"SCN_024,SCN_023",1.7786550415133373,38.095238095238095,42,0.0441235194172441,0.25202083138622317,0.6299365257770044,0.2179474027196273,4.412351941721762,0.7617848863460539
1.2,3.5,25,35,70,1.2,"SCN_024,SCN_023",1.7772172328766647,38.0,50,0.05237038037021193,0.25196583334344497,0.6302752039022833,0.2173609947458442,5.237038037022211,0.7606783265617959
1.2,2.5,25,40,70,0.8,"SCN_024,SCN_023",1.6070649460150257,43.47826086956522,69,0.05108385133982665,0.2223889733679923,0.45077585923686153,0.2157664267466325,5.108385133987179,0.7598727365880265
1.2,2.5,25,40,65,1.0,"SCN_024,SCN_023",1.6040529627917643,43.47826086956522,46,0.03391281155923935,0.22074535093741313,0.4502746382267458,0.2159312157158682,3.3912811559223432,0.7588960034308355
1.0,3.5,20,40,70,1.2,"SCN_024,SCN_023",1.8713139144834678,34.78260869565217,46,0.04698706387742277,0.26166728988156246,0.6307108793759544,0.17975558940896627,4.698706387746281,0.7585119979249536
1.5,3.0,20,35,70,0.8,"SCN_024,SCN_023",1.5819843033742058,44.11764705882353,102,0.08989709600238711,0.21696308323404348,0.5430302805620695,0.27099391272013473,8.989709600245446,0.7582313611302435
1.2,3.5,20,40,70,1.0,"SCN_024,SCN_023",1.7730439207571875,37.704918032786885,61,0.06325852520600164,0.2507443823890105,0.6308215936512483,0.21534326666791753,6.325852520597849,0.7571403228371405
1.2,3.5,20,40,65,1.0,"SCN_024,SCN_023",1.7716887797041145,37.735849056603776,53,0.054982528170476136,0.2502070510514144,0.6311607140171672,0.21590792313014098,5.498252817048689,0.7569820162256927
1.5,3.0,20,35,65,0.8,"SCN_024,SCN_023",1.5769635769316248,44.086021505376344,93,0.08148948821164595,0.21539675676941542,0.5432390719465561,0.27161256016629703,8.148948821161351,0.7565457994552925
1.0,2.5,28,35,65,1.2,"SCN_024,SCN_023",1.6841488240836437,40.476190476190474,42,0.031071589017592487,0.23571002271284663,0.4499294534647857,0.1816656722855385,3.1071589017628947,0.7560625865478484
1.0,2.0,20,35,70,1.0,"SCN_024,SCN_023",1.5725746789338366,44.047619047619044,84,0.04867046538030991,0.2139566169247003,0.36127916388692527,0.18085707501647194,4.867046538042056,0.7549744802862977
1.2,2.0,28,35,70,0.8,"SCN_024,SCN_023",1.480463186325464,47.12643678160919,87,0.04795627257271917,0.19011438072218798,0.3604118474757776,0.21698388020070136,4.795627257274618,0.7541386345158465
1.5,3.5,25,35,70,0.8,"SCN_024,SCN_023",1.6472356143926994,41.37931034482759,87,0.08952323489374976,0.22972849233300954,0.6328875947067539,0.27120842980534404,8.952323489370597,0.7536775415057522
1.0,2.0,20,40,70,1.0,"SCN_024,SCN_023",1.570752649799205,43.93939393939394,66,0.03794189492044098,0.2129285893318282,0.36006497981007113,0.17966743033643492,3.794189492043969,0.7535122013569374
1.5,3.5,28,35,70,0.8,"SCN_024,SCN_023",1.6408622588825659,41.25,80,0.08159321524086409,0.227722886278422,0.6330638827369336,0.27088907672842044,8.159321524083047,0.750821674785669
1.5,3.5,20,40,65,0.8,"SCN_024,SCN_023",1.6366139378204136,41.17647058823529,68,0.06886358658557583,0.22623797261255363,0.6322687386608395,0.27042915059858974,6.886358658559919,0.7489946789660711
1.2,2.5,28,40,70,0.8,"SCN_024,SCN_023",1.5788558567534083,43.07692307692308,65,0.04624024408209152,0.21389629124021334,0.45043708287973316,0.21589767330880533,4.624024408206732,0.7486644663978821
1.0,2.0,25,35,70,1.0,"SCN_024,SCN_023",1.5557692267063352,43.83561643835616,73,0.041249142935739655,0.20866977562215885,0.3608407957585265,0.18102417489530476,4.124914293565353,0.7484760470086874
1.2,3.0,25,40,65,1.0,"SCN_024,SCN_023",1.6681582868241276,40.0,45,0.03895690378523795,0.23099166216048492,0.540343368395451,0.21594408342954366,3.895690378520439,0.7477355439523774
1.0,2.5,28,40,65,1.0,"SCN_024,SCN_023",1.6642520604539208,40.0,45,0.03232225595304044,0.23001669078083198,0.4498993368375357,0.18022083213958456,3.2322255953068604,0.7466615959027203
1.2,3.0,20,35,70,1.2,"SCN_024,SCN_023",1.6624874444106366,40.0,60,0.05178413423436723,0.23026990838630187,0.5414597772800174,0.21712836753561915,5.178413423438129,0.7462920550935322
1.0,2.0,25,35,65,1.0,"SCN_024,SCN_023",1.5474925148193022,43.75,64,0.035809104380041396,0.20597591080435576,0.36148126941365416,0.18168236404404953,3.5809104379965335,0.7454109052585631
1.0,3.0,28,35,70,1.2,"SCN_024,SCN_023",1.7509885423639604,36.95652173913043,46,0.03940138934336574,0.24325937671932812,0.5403965996468008,0.18091735378140977,3.940138934334732,0.7447593965845223
1.2,3.5,25,40,70,1.0,"SCN_024,SCN_023",1.735502452813176,37.254901960784316,51,0.05067028057388598,0.24086249875367735,0.6292754871845814,0.21528769372247386,5.067028057387884,0.7431335378016284
1.2,3.0,25,35,65,1.2,"SCN_024,SCN_023",1.6478246302401487,40.0,45,0.038196901700885064,0.2259358323464275,0.539770525708454,0.21837701083914876,3.8196901700951518,0.7421483857804394
1.2,3.0,20,40,70,1.0,"SCN_024,SCN_023",1.6537844334493206,39.682539682539684,63,0.0534920334166236,0.22752582884676328,0.5412444081066006,0.21531333844754377,5.349203341658349,0.7412643234062861
1.0,3.5,28,40,65,1.2,"SCN_024,SCN_023",1.8200831293234832,34.375,32,0.0311036359258469,0.2491450687544745,0.6275550388529992,0.18060675403767976,3.1103635925917184,0.7412102416345584
1.5,3.5,25,35,65,1.0,"SCN_024,SCN_023",1.6132116934138834,40.98360655737705,61,0.060110758111368345,0.21958385594157676,0.6325474802697734,0.2722947554335497,6.011075811136547,0.7408822235791853
1.0,3.5,25,40,70,1.2,"SCN_024,SCN_023",1.8193714666315954,34.21052631578947,38,0.03682190129837181,0.24915249470462675,0.6289315774127666,0.1797568150610454,3.6821901298398334,0.7397296351911258
1.5,3.5,20,40,70,0.8,"SCN_024,SCN_023",1.6135315621865263,40.78947368421053,76,0.07448021722260818,0.21968626540176062,0.6318584481882205,0.26976867047929604,7.448021722266519,0.739420864884167
1.5,3.0,28,35,65,0.8,"SCN_024,SCN_023",1.5355829812578703,43.42105263157895,76,0.0625147563567225,0.20235736620041261,0.543144173269594,0.2714484205167198,6.251475635677648,0.7393973443795367
1.2,3.0,25,40,70,1.0,"SCN_024,SCN_023",1.64676916682555,39.62264150943396,53,0.044550994280361925,0.22529779496586624,0.5401588865557736,0.21525741217607947,4.455099428036702,0.7387769034957444
1.5,3.5,20,35,65,1.0,"SCN_024,SCN_023",1.6079889498849729,40.845070422535215,71,0.06943399381270865,0.2182249751949261,0.6332300590068375,0.2719112459506215,6.9433993812721875,0.7383288142192631
1.2,3.0,28,35,65,1.0,"SCN_024,SCN_023",1.6397664273698824,39.6551724137931,58,0.048691749623376385,0.22378006100058997,0.5426103687261042,0.21745324338170463,4.869174962340735,0.7371502225300823
1.2,2.5,25,40,70,1.0,"SCN_024,SCN_023",1.5517502716784295,42.592592592592595,54,0.036811666825560675,0.20523506958490298,0.4501289247312896,0.2152193092343379,3.681166682555187,0.7370216490631913
1.0,3.5,28,40,65,1.0,"SCN_024,SCN_023",1.8053129388624085,34.090909090909086,44,0.04209458657622236,0.24643957114849144,0.6291045226840396,0.1802451442288527,4.209458657623867,0.7350402203199166
1.5,2.5,20,35,65,0.8,"SCN_024,SCN_023",1.4364093474467765,46.31578947368421,95,0.06045247014477355,0.17536382648032198,0.4522156137260248,0.2716125488130601,6.045247014479028,0.7349158012737752
1.5,3.5,25,40,65,0.8,"SCN_024,SCN_023",1.5995701067745842,40.67796610169492,59,0.05676948765716588,0.21537264765465283,0.6310547507788569,0.27052472151376045,5.67694876571095,0.7345521950034045
1.2,3.0,20,35,65,1.2,"SCN_024,SCN_023",1.6280159960807234,39.62264150943396,53,0.04380249743097011,0.22057754358423598,0.5407139075839525,0.21796069738025742,4.380249743094765,0.7336144550916798
1.0,2.0,20,35,65,1.0,"SCN_024,SCN_023",1.519722813285,43.24324324324324,74,0.03959553708889871,0.19744532438115683,0.36181691158388274,0.181394939566349,3.959553708897589,0.7334554897759722
1.0,3.5,28,40,70,1.0,"SCN_024,SCN_023",1.8013507326542555,34.0,50,0.04753692329595651,0.24571729215805416,0.6285759935807715,0.17976059276578135,4.75369232960233,0.733268052979002
1.5,3.0,25,35,65,0.8,"SCN_024,SCN_023",1.5195825478053189,43.20987654320987,81,0.06498317489542386,0.1974849450053143,0.5430034932530857,0.27188706031120546,6.498317489542545,0.733162431001139
1.5,2.5,20,35,70,0.8,"SCN_024,SCN_023",1.4300205445549483,46.15384615384615,104,0.06525375347962836,0.17321839158700741,0.4520821217474218,0.27097440171280035,6.525375347959423,0.7317719615580918
1.2,3.5,28,35,70,1.2,"SCN_024,SCN_023",1.7023258912461585,36.95652173913043,46,0.04422014916941407,0.2323425376173366,0.6304857967117973,0.2171118492122611,4.422014916944982,0.7315853048067031
1.5,2.5,28,35,65,0.8,"SCN_024,SCN_023",1.427378960440061,46.15384615384615,78,0.048726852364470684,0.17206772589135497,0.45205576257604374,0.27146005276893265,4.872685236442401,0.7309638143153426
1.5,3.5,20,35,70,1.0,"SCN_024,SCN_023",1.589077948673548,40.50632911392405,79,0.07506609263475185,0.2127543958195678,0.6327997040099678,0.27112726095406353,7.5066092634779835,0.7302945535718149
1.2,2.5,28,35,65,1.0,"SCN_024,SCN_023",1.5282204979026615,42.3728813559322,59,0.039058127455391514,0.19836031246186298,0.45200389779642836,0.21747896174628145,3.9058127455371383,0.7286278857683891
1.0,2.5,25,40,65,1.2,"SCN_024,SCN_023",1.6147728440616385,39.39393939393939,33,0.022207879335983307,0.21544917347090398,0.4487045759110714,0.18061857766234726,2.2207879335969825,0.727840041011048
1.2,2.5,20,40,70,1.0,"SCN_024,SCN_023",1.5286161413065398,42.1875,64,0.0421059604614311,0.19835576213765024,0.45095980615956904,0.21527888432901357,4.210596046134864,0.727236393327801
1.0,3.0,25,40,65,1.2,"SCN_024,SCN_023",1.7033170324796234,36.36363636363637,33,0.02667355187573776,0.23008220514953745,0.5383242682954824,0.18059695390329428,2.667355187576609,0.7266967660125926
1.5,3.5,28,35,65,1.2,"SCN_024,SCN_023",1.5766933279330357,40.476190476190474,42,0.03924247638853558,0.20816570524964997,0.6311168671505404,0.2721895641081792,3.9242476388547054,0.7263989178688405
1.0,2.5,28,40,70,1.0,"SCN_024,SCN_023",1.6138394657407105,39.21568627450981,51,0.03419553306614034,0.21605144333819257,0.44951574388809784,0.17970198616629612,3.4195533066067796,0.726296606091943
1.0,3.0,20,40,70,1.2,"SCN_024,SCN_023",1.7053270558114488,36.17021276595745,47,0.03803375607021735,0.23114782496853675,0.5409254741870523,0.1797452484718885,3.803375607023231,0.7257959859784204
1.5,3.5,28,35,65,1.0,"SCN_024,SCN_023",1.5774610822075894,40.35087719298245,57,0.05333665331430893,0.20882409040737712,0.6334813868535459,0.2716590166530236,5.333665331428753,0.72568528512686
1.0,2.0,20,40,65,1.0,"SCN_024,SCN_023",1.500640885944597,42.857142857142854,56,0.028867939765441407,0.1908755631281261,0.3605412908502155,0.18019365637065876,2.886793976544093,0.7248192767655698
1.2,3.0,25,35,70,1.2,"SCN_024,SCN_023",1.6044591841578237,39.21568627450981,51,0.04072630039107025,0.2136547553561269,0.5405136393975343,0.21734331447870933,4.072630039110696,0.7237084257255919
1.2,3.0,28,35,70,1.0,"SCN_024,SCN_023",1.6023570978896142,39.0625,64,0.05093999154862104,0.2132369619165086,0.5420310132333964,0.216840414768551,5.093999154861422,0.7219228164936614
1.0,2.5,28,35,70,1.2,"SCN_024,SCN_023",1.5998783460128567,39.130434782608695,46,0.030391216434181842,0.2120606376431794,0.450297310790826,0.18093678395777163,3.039121643417262,0.721691865271066
1.5,2.5,25,35,65,0.8,"SCN_024,SCN_023",1.4036767641088612,45.78313253012048,83,0.04939264178588928,0.16399213808292326,0.4519725065951303,0.2719042460449876,4.939264178590506,0.7211216615468521
1.5,3.0,28,35,70,0.8,"SCN_024,SCN_023",1.4921683119043612,42.68292682926829,82,0.06265051650700115,0.18868870462072734,0.5427011926908637,0.2708402147547352,6.265051650707676,0.7210841381819518
1.5,3.0,25,35,70,0.8,"SCN_024,SCN_023",1.4912616200758824,42.69662921348314,89,0.06793612232057057,0.188525392829724,0.5426979267756955,0.2711550781454517,6.793612232058391,0.7209549771971917
1.2,2.5,25,35,65,1.2,"SCN_024,SCN_023",1.5046967330921692,42.22222222222222,45,0.028665360535251237,0.19080616404839384,0.4498029423270248,0.21845076348811487,2.8665360535224833,0.7206747095073496
1.2,2.0,25,40,65,1.0,"SCN_024,SCN_023",1.3993574710286905,45.65217391304348,46,0.0215698609023093,0.16163163109433346,0.35991082333590235,0.21604564799294199,2.1569860902304,0.7186727397267645
1.2,3.0,20,40,65,1.0,"SCN_024,SCN_023",1.5958270356449256,38.88888888888889,54,0.04244555839126406,0.21090814283964976,0.5413505340082304,0.21587289015294311,4.244555839125715,0.7186221099015354
1.0,3.0,25,40,70,1.2,"SCN_024,SCN_023",1.6810598399752188,35.8974358974359,39,0.030604854738339782,0.22442540175848383,0.5395853973166299,0.1797484035439019,3.0604854738352714,0.7168310168001188
1.5,3.5,28,40,65,0.8,"SCN_024,SCN_023",1.5554214429814115,40.0,55,0.049549433161282644,0.20219004176957756,0.6307270386596804,0.270334894981136,4.954943316135481,0.7166300103239256
1.2,2.5,20,40,65,1.0,"SCN_024,SCN_023",1.5018345863633968,41.81818181818181,55,0.034664068006513844,0.18981252214735345,0.4510380741504629,0.21585840327504813,3.466406800659105,0.716608945054806
1.2,2.0,25,40,70,1.0,"SCN_024,SCN_023",1.39089761249258,45.45454545454545,55,0.025246622794256837,0.1589379040751772,0.3593316126351802,0.21528760121508533,2.524662279426947,0.7146687905638285
1.5,2.0,25,40,65,0.8,"SCN_024,SCN_023",1.2862087363756973,49.2063492063492,63,0.02481412500021179,0.12391750697096776,0.3597210402922003,0.27093561715730663,2.481412500024396,0.7144190833002844
1.2,3.5,25,40,65,1.2,"SCN_024,SCN_023",1.6559834019544615,36.36363636363637,33,0.029855156579069446,0.21916520015438362,0.6280601461670382,0.21672409981396643,2.985515657911164,0.7138327513908626
1.5,2.0,28,40,65,0.8,"SCN_024,SCN_023",1.2834435150092125,49.152542372881356,59,0.023023849603741837,0.12278540577959683,0.3594927834213642,0.27076352529480635,2.30238496037537,0.7131547267817999
1.0,3.5,28,40,70,1.2,"SCN_024,SCN_023",1.7469684197460573,33.33333333333333,36,0.0322494822709632,0.2317020425219052,0.6285275431475982,0.17989092877791177,3.2249482271012946,0.7129096383610642
1.5,3.0,20,40,70,0.8,"SCN_024,SCN_023",1.4735299116051912,42.30769230769231,78,0.05747475618074531,0.1825490462620397,0.5419693623073315,0.2697225186236092,5.747475618079524,0.712710025546423
1.5,3.5,25,35,65,1.2,"SCN_024,SCN_023",1.537954376165497,40.0,45,0.039650034509068066,0.19698020993036583,0.6297512989334547,0.27298221962586494,3.9650034509038306,0.7116860560936771
1.2,2.5,20,35,70,1.2,"SCN_024,SCN_023",1.4840646884977762,41.66666666666667,60,0.036787680132129026,0.1845243290277878,0.4511405054173492,0.21713556063478312,3.678768013216321,0.7103691488207792
1.0,2.0,28,40,70,1.0,"SCN_024,SCN_023",1.4635680980065113,42.30769230769231,52,0.025001232037066074,0.17890547445169927,0.3587881770442562,0.17977388970887773,2.500123203707304,0.7097783404050078
1.5,2.5,28,35,70,0.8,"SCN_024,SCN_023",1.377884608010458,45.23809523809524,84,0.047078107986399116,0.15489165487672618,0.4517405229673611,0.27083324074174847,4.70781079863929,0.7092264462533231
1.5,3.5,28,35,70,1.0,"SCN_024,SCN_023",1.5367702646779062,39.682539682539684,63,0.05525467864441453,0.1967650993611596,0.6327753432911795,0.27089251889056826,5.525467864437894,0.7088342291120222
1.5,3.5,25,35,70,1.0,"SCN_024,SCN_023",1.5337731171836206,39.705882352941174,68,0.05938072348073547,0.1960944693274328,0.6319549859896438,0.27133444569867454,5.938072348074727,0.7082098643876129
1.2,2.5,28,35,70,1.0,"SCN_024,SCN_023",1.47963005237162,41.53846153846154,65,0.03952180185508041,0.1831311414815894,0.4515644340302626,0.21684367192921672,3.9521801855068524,0.7080765614413352
1.0,2.0,28,40,65,1.0,"SCN_024,SCN_023",1.4572807540389243,42.22222222222222,45,0.02143937669954539,0.1766144459934135,0.35959931867234723,0.18032497633898734,2.143937669960927,0.7072456947190957
1.0,3.0,28,40,65,1.0,"SCN_024,SCN_023",1.6526548112869321,35.55555555555556,45,0.034109746886315406,0.21739285645692358,0.5398301323357944,0.1802174975427777,3.410974688632158,0.7062960431542159
1.5,2.0,20,40,70,0.8,"SCN_024,SCN_023",1.2699783286253945,48.78048780487805,82,0.03061524843713414,0.11782315614385573,0.36003539838294224,0.26999740694311064,3.0615248437070406,0.7062093718089256
1.0,2.5,25,40,70,1.2,"SCN_024,SCN_023",1.5637104151720806,38.46153846153847,39,0.024315424088399595,0.20093943492960398,0.4496668368839629,0.17972750601750595,2.4315424088393014,0.7060479770540606
1.5,3.0,28,40,65,0.8,"SCN_024,SCN_023",1.455491552995733,42.10526315789473,57,0.04062866052518075,0.17636887686172015,0.5409419030852801,0.2702951400461232,4.062866052524659,0.705851613772449
1.5,3.0,20,40,65,0.8,"SCN_024,SCN_023",1.453716953319549,42.028985507246375,69,0.049069871884785246,0.17600956078187172,0.5421404029935525,0.2703771124583747,4.906987188478038,0.7047674332961776
1.5,2.5,25,35,70,0.8,"SCN_024,SCN_023",1.3662170911187765,45.05494505494506,91,0.049649830106955055,0.15083851052053546,0.45176753184429175,0.27114971589834475,4.96498301069872,0.7043633001206976
1.2,2.5,20,35,65,1.2,"SCN_024,SCN_023",1.4666904718529856,41.509433962264154,53,0.031539403026381474,0.178912732088068,0.4505472304614815,0.2180031860488036,3.1539403026396817,0.7041220371451545
1.0,2.0,25,35,65,1.2,"SCN_024,SCN_023",1.4445386063030157,42.22222222222222,45,0.021038942923132707,0.17270604136694745,0.3598238814638175,0.182029209826847,2.10389429231451,0.7036211261429727
1.5,3.5,20,35,65,1.2,"SCN_024,SCN_023",1.5194664722255666,39.62264150943396,53,0.04529133765825463,0.19156776129610573,0.6308548585854356,0.2724630707647714,4.529133765821464,0.7034512691441215
1.0,2.5,20,40,70,1.2,"SCN_024,SCN_023",1.5565705613241383,38.297872340425535,47,0.02900845069090792,0.19920542895368815,0.45071354542291936,0.1797240947767304,2.9008450690873664,0.7027836811913178
1.5,3.0,20,35,70,1.0,"SCN_024,SCN_023",1.448177585516693,41.9753086419753,81,0.05710081623239603,0.17443419866117604,0.5426690935160353,0.27107803311264556,5.7100816232508596,0.7027829388665601
1.5,3.5,25,40,70,0.8,"SCN_024,SCN_023",1.5193758110505158,39.39393939393939,66,0.056041783739092355,0.19152639209026426,0.6305537177039847,0.26975545715987653,5.604178373908541,0.7015936030783462
1.5,2.0,20,40,65,0.8,"SCN_024,SCN_023",1.2589919431886667,48.61111111111111,72,0.025945814688457174,0.11343963851430802,0.3603594906144915,0.27075677574756457,2.5945814688473123,0.7015602820519623
1.5,2.0,25,40,70,0.8,"SCN_024,SCN_023",1.258714528553128,48.61111111111111,72,0.025849519139010225,0.11332703668898424,0.3593278272316321,0.27004113619475145,2.584951913901322,0.7014767849994494
1.5,2.0,20,35,70,0.8,"SCN_024,SCN_023",1.258207984652054,48.598130841121495,107,0.03850507307004591,0.11339561834437391,0.3608256288463301,0.2711350071455777,3.850507307002393,0.7012661795385134
1.5,3.5,28,40,70,0.8,"SCN_024,SCN_023",1.515816969503259,39.34426229508197,61,0.051469692119680985,0.19032536165723932,0.630218964469171,0.26968340365634075,5.1469692119755015,0.7001656181876228
1.0,3.0,28,40,70,1.0,"SCN_024,SCN_023",1.6367591654200477,35.294117647058826,51,0.03776734539824247,0.21331935003756855,0.5393287001079021,0.17973278976107046,3.7767345398269128,0.6998166381140766
1.5,3.0,25,35,65,1.0,"SCN_024,SCN_023",1.4389321488153335,41.935483870967744,62,0.043018428850118653,0.17118150907262475,0.5424055458841208,0.2722417029994103,4.301842885008369,0.6997649572034238
1.5,2.5,28,40,65,0.8,"SCN_024,SCN_023",1.3549252456823633,44.827586206896555,58,0.03069777437067387,0.14631371045350333,0.45072535031707883,0.2702838022242289,3.069777437068727,0.699155532056641
1.5,2.0,28,40,70,0.8,"SCN_024,SCN_023",1.2512508414634476,48.484848484848484,66,0.02306427811841786,0.11032237199263255,0.3589440391943651,0.2699935718344983,2.3064278118467434,0.6982243795523644
1.2,3.5,28,40,65,1.0,"SCN_024,SCN_023",1.6182636706412152,35.714285714285715,42,0.03605205563055279,0.2093921315695413,0.6290922427789829,0.2159695584677405,3.6052055630557502,0.6982078307921594
1.5,2.0,20,35,65,0.8,"SCN_024,SCN_023",1.2489661929966327,48.45360824742268,97,0.033835271024108805,0.10970066881985367,0.3611454155748602,0.27180614859227326,3.383527102404768,0.697337755815238
1.2,2.5,25,35,70,1.2,"SCN_024,SCN_023",1.4504009085812009,41.17647058823529,51,0.02937084346149277,0.17348355307501717,0.4503870856344956,0.21736814840563543,2.9370843461553435,0.6967525688873321
1.0,2.0,28,35,70,1.0,"SCN_024,SCN_023",1.431956569931185,41.7910447761194,67,0.03046863951813066,0.16892458433271193,0.3607321030794398,0.1808624342156373,3.0468639518144585,0.6966056552483503
1.2,2.0,20,40,70,1.0,"SCN_024,SCN_023",1.3469421914713033,44.61538461538462,65,0.026894771694023805,0.1435269300455551,0.3600490783847155,0.2153318362153663,2.689477169403564,0.6951307432739736
1.5,3.0,25,40,65,0.8,"SCN_024,SCN_023",1.4292053416536012,41.66666666666667,60,0.040631250220976654,0.16779174521948767,0.5411899081224331,0.27047493374198733,4.0631250220912705,0.6947798705890883
1.5,3.0,20,35,65,1.0,"SCN_024,SCN_023",1.426506013010371,41.66666666666667,72,0.0486982695131519,0.16719021032832745,0.5429261031473267,0.2718560986452205,4.86982695132054,0.694049771423808
1.0,2.0,20,35,70,1.2,"SCN_024,SCN_023",1.4247359521571044,41.66666666666667,60,0.026896591453714792,0.1663936058366036,0.36088812957694233,0.18092983125877965,2.6896591453662717,0.693503989809425
1.0,2.0,28,35,65,1.0,"SCN_024,SCN_023",1.423806994775018,41.66666666666667,60,0.026906589488189636,0.16608331935123136,0.36157770675014134,0.1813938205694976,2.690658948821115,0.6932355186727096
1.5,3.5,28,35,70,1.2,"SCN_024,SCN_023",1.497452362913641,39.130434782608695,46,0.03776514337772824,0.1842848999058623,0.6315680477697316,0.2711325186459557,3.776514337768412,0.6931631795916962
1.2,2.0,20,35,70,1.0,"SCN_024,SCN_023",1.3400442791244849,44.57831325301205,83,0.03391851942333233,0.14134142100970887,0.3612591359414518,0.21684208885874098,3.391851942331634,0.6928604079880942
1.2,2.5,28,40,65,1.0,"SCN_024,SCN_023",1.4424470373703306,40.909090909090914,44,0.024839212775732446,0.17044235536749913,0.4498874799649583,0.21592512930005053,2.4839212775679362,0.6922507618870543
1.2,3.0,28,35,65,1.2,"SCN_024,SCN_023",1.5246052165782022,38.095238095238095,42,0.029724590842652103,0.18995816225934656,0.5399091643964402,0.21792644408001743,2.972459084262591,0.6921628156733765
1.5,2.0,25,35,65,0.8,"SCN_024,SCN_023",1.2356731540962123,48.23529411764706,85,0.02822029755681797,0.10433458010369931,0.36088699266306784,0.27214402144318806,2.822029755685508,0.6915951855809093
1.2,3.5,28,40,70,1.0,"SCN_024,SCN_023",1.6003256498025653,35.41666666666667,48,0.0400843268528115,0.2046770036515815,0.6285605785375054,0.2153902306405047,4.008432685281947,0.6908554855625287
1.0,3.0,20,40,65,1.2,"SCN_024,SCN_023",1.6107771618859403,35.0,40,0.028651028404128736,0.2058581280787547,0.5397154536144886,0.18041975039208014,2.8651028404087553,0.6901576924531785
1.5,2.0,28,35,65,0.8,"SCN_024,SCN_023",1.23110154312776,48.10126582278481,79,0.025744245156929538,0.10244206830775637,0.36090059340220565,0.27170239106316235,2.574424515694157,0.689140831363382
1.5,3.5,20,35,70,1.2,"SCN_024,SCN_023",1.4864121730813074,38.983050847457626,59,0.04752665824340511,0.18137078292098477,0.6314576962786617,0.2714128108353051,4.752665824338235,0.6889223776521302
1.2,2.0,25,35,70,1.0,"SCN_024,SCN_023",1.330078328443401,44.44444444444444,72,0.02865399772179444,0.1376121388414616,0.3608240274811315,0.21702422768042912,2.865399772179045,0.6888425219992594
1.5,3.0,25,35,70,1.0,"SCN_024,SCN_023",1.4132792160481211,41.42857142857143,70,0.04596842198632657,0.16270959182340272,0.5420583074903594,0.2712889931361637,4.596842198637713,0.6883119871437002
1.5,2.5,20,40,70,0.8,"SCN_024,SCN_023",1.3318067999066276,44.303797468354425,79,0.03937277906296003,0.13822313488615495,0.4515272562404045,0.26968581959352533,3.937277906299043,0.688222488872741
1.2,2.0,25,35,65,1.0,"SCN_024,SCN_023",1.3276382808461136,44.44444444444444,63,0.024977110580312,0.13661571545121076,0.3614675313123574,0.21781085196307629,2.4977110580383375,0.6881071069948506
1.5,2.5,25,35,65,1.0,"SCN_024,SCN_023",1.3276190159615817,44.44444444444444,63,0.031221531404298734,0.13661571545121073,0.4518564986019011,0.27228082344067706,3.122153140429534,0.6881026118551263
1.5,3.0,28,35,65,1.0,"SCN_024,SCN_023",1.4117206340678838,41.37931034482759,58,0.03802103445375906,0.16191154149993967,0.5431988184228601,0.27160788814025194,3.802103445380078,0.6874212209577836
1.0,2.0,20,35,65,1.2,"SCN_024,SCN_023",1.4080543520732771,41.509433962264154,53,0.02297871768789264,0.16076021221505032,0.3604163745828094,0.18165446683967493,2.2978717687918824,0.6874148558843862
1.5,2.5,20,40,65,0.8,"SCN_024,SCN_023",1.3278856824821346,44.285714285714285,70,0.03457273753669142,0.13671524657691927,0.45165862757859626,0.27036265900665024,3.457273753677127,0.6869115812943656
1.5,3.0,28,40,70,0.8,"SCN_024,SCN_023",1.4085917306684357,41.269841269841265,63,0.04076439098143965,0.16091747741362186,0.5405093014746215,0.2696433173024005,4.076439098151341,0.6856497135503021
1.5,2.5,25,40,65,0.8,"SCN_024,SCN_023",1.3239272751028377,44.26229508196721,61,0.02978806106830234,0.13515164107369276,0.4509154157587196,0.2704679446664102,2.9788061068274834,0.685539998358682
1.5,2.0,25,35,70,0.8,"SCN_024,SCN_023",1.220033313543004,47.87234042553192,94,0.02925572695412484,0.09807644850590598,0.3604803787944926,0.27134784388435795,2.9255726954186247,0.6839992379819406
1.5,3.0,25,40,70,0.8,"SCN_024,SCN_023",1.403980415005267,41.17647058823529,68,0.04358347901359593,0.15944032726493124,0.5409593128064812,0.26971282143071507,4.358347901352872,0.6835805827512665
1.5,3.5,25,40,65,1.0,"SCN_024,SCN_023",1.4688891304483902,38.63636363636363,44,0.034176638002372785,0.17524180967593408,0.6297950877181975,0.26995750707306443,3.4176638002366166,0.6810386744748558
1.5,2.5,28,35,65,1.0,"SCN_024,SCN_023",1.312363812265432,44.06779661016949,59,0.028000117423562187,0.13087465856941133,0.45245983890201286,0.27163466876047093,2.8000117423567916,0.680573038838192
1.0,2.0,25,35,70,1.2,"SCN_024,SCN_023",1.3924123975789695,41.17647058823529,51,0.021322918381974885,0.15533239215623856,0.360290251625566,0.18112678153139805,2.1322918381949436,0.6801967228336817
1.5,2.0,28,35,70,0.8,"SCN_024,SCN_023",1.2114058018007678,47.674418604651166,86,0.025784674771257416,0.09451340191247927,0.3603715922385595,0.2710392845479817,2.578467477121767,0.6798089362428017
1.0,2.5,20,40,65,1.2,"SCN_024,SCN_023",1.4956761173348891,37.5,40,0.02235848211861594,0.18086661089373846,0.44977014297793144,0.1804281573123063,2.2358482118613145,0.6791355291937639
1.2,3.5,20,40,65,1.2,"SCN_024,SCN_023",1.5660167493292405,35.0,40,0.03186273333743884,0.1948363337456735,0.6296832097154054,0.21651121547198246,3.186273333744131,0.6778766304677684
1.2,2.5,28,35,65,1.2,"SCN_024,SCN_023",1.4034762117530848,40.476190476190474,42,0.02198837472953528,0.15774764008502742,0.449915887875942,0.2179893048372276,2.1988374729603244,0.6775785798994148
1.0,2.5,28,40,65,1.2,"SCN_024,SCN_023",1.4894646157073408,37.5,32,0.01768131367567548,0.17854193068455312,0.448375807532184,0.18061891614091902,1.7681313675678265,0.6772987321124716
1.5,2.5,20,35,70,1.0,"SCN_024,SCN_023",1.3052115764076895,43.90243902439025,82,0.03805710130274747,0.1285275499247085,0.45207773725643857,0.2710671393686263,3.805710130274977,0.6771901383443677
1.2,2.0,20,35,65,1.0,"SCN_024,SCN_023",1.298394992986155,43.83561643835616,73,0.026607424451758562,0.1259230641758104,0.3617996646269278,0.21748406885091573,2.6607424451741455,0.6746309405662538
1.5,2.5,20,35,65,1.0,"SCN_024,SCN_023",1.298376594324688,43.83561643835616,73,0.033259428714409296,0.1259230641758104,0.45227307332407285,0.2718730603640876,3.3259428714427397,0.6746266475452449
1.2,3.5,20,40,70,1.2,"SCN_024,SCN_023",1.5594487329618738,34.78260869565217,46,0.03620116669979325,0.19305885996315664,0.6306862923216418,0.2156954669055901,3.6201166699785636,0.6743087172501807
1.5,2.5,28,40,70,0.8,"SCN_024,SCN_023",1.2992933945457124,43.75,64,0.029049327101220115,0.1260727485466104,0.4503893826801053,0.2696102779142644,2.90493271012943,0.6741805834851013
1.2,3.0,28,40,65,1.0,"SCN_024,SCN_023",1.4814300540859269,37.2093023255814,43,0.02806857413152102,0.17655458938528903,0.5398191925911507,0.21593517290035716,2.8068574131487694,0.672767196122249
1.2,2.0,20,40,65,1.0,"SCN_024,SCN_023",1.2925522306090698,43.63636363636363,55,0.01958419006123222,0.1233961480409951,0.3605280513441615,0.21594368471415426,1.9584190061210918,0.671252454239858
1.0,3.0,28,40,65,1.2,"SCN_024,SCN_023",1.5601000343248876,34.375,32,0.0212418045144841,0.19139679081862565,0.53788021491609,0.18059532917303187,2.1241804514433227,0.6709228064789113
1.5,2.5,25,35,70,1.0,"SCN_024,SCN_023",1.2900593283448991,43.66197183098591,71,0.031476367245868456,0.12276805194058066,0.451591497367342,0.2712924923450664,3.147636724584945,0.6707709599184606
1.2,2.5,28,40,70,1.0,"SCN_024,SCN_023",1.3917000291188437,40.0,50,0.025302821271634458,0.15378466081273026,0.4495013337088632,0.21532481823374225,2.5302821271649965,0.6703607835965185
1.5,3.0,28,35,70,1.0,"SCN_024,SCN_023",1.3707217822875863,40.625,64,0.03815445544954855,0.14803434476013522,0.5425916692460153,0.27084046987989635,3.8154455449603373,0.669507473327126
1.5,3.5,28,40,65,1.0,"SCN_024,SCN_023",1.438763069583094,38.095238095238095,42,0.030758869729434084,0.16552130010188115,0.6303904216297,0.2696292220435909,3.075886972941837,0.6680601710149402
1.5,2.5,25,40,70,0.8,"SCN_024,SCN_023",1.2856676709677213,43.47826086956522,69,0.030045198993557277,0.12103009095219108,0.4507351833332776,0.2696804000164782,3.0045198993556803,0.6679868920076886
1.5,2.5,25,40,65,1.0,"SCN_024,SCN_023",1.2832597290924537,43.47826086956522,46,0.019877159737643525,0.1197066229560858,0.45025035330338514,0.2698958112423052,1.9877159737677679,0.6672044609041086
1.2,3.0,28,35,70,1.2,"SCN_024,SCN_023",1.4591793616641153,36.95652173913043,46,0.028908119279803943,0.1699685145440023,0.5403774718326021,0.21708983079927469,2.8908119279752698,0.6644554440586707
1.5,3.0,28,35,65,1.2,"SCN_024,SCN_023",1.3514953299227035,40.476190476190474,42,0.023915838660086595,0.1409490777556898,0.5409183114801026,0.27216109716598635,2.391583866012083,0.662649947084103
1.5,3.5,25,35,70,1.2,"SCN_024,SCN_023",1.42181092696443,38.0,50,0.03552513702541546,0.1606478688370938,0.6302403177857867,0.27167910759336533,3.552513702535621,0.6625305277645492
1.0,2.0,28,35,65,1.2,"SCN_024,SCN_023",1.3473597390527192,40.476190476190474,42,0.015774223507924037,0.13956391235639623,0.35991765850206986,0.18164711374964962,1.5774223507939464,0.6614541149812244
1.2,3.0,28,40,70,1.0,"SCN_024,SCN_023",1.4541073705542833,36.734693877551024,49,0.030316352623467536,0.1682766149505871,0.5393148387437695,0.21535586564647713,3.031635262347059,0.6612153733081721
1.5,2.5,28,40,65,1.0,"SCN_024,SCN_023",1.2705371612561795,43.18181818181818,44,0.018231287021772007,0.11481024339611572,0.45063422304448236,0.26955686142638663,1.8231287021854998,0.66104825698034
1.2,2.0,28,40,65,1.0,"SCN_024,SCN_023",1.264973268430874,43.18181818181818,44,0.014311389059785143,0.11275185092014323,0.359589889794726,0.2160427600047154,1.431138905981909,0.6594069499084398
1.5,3.5,20,40,70,1.0,"SCN_024,SCN_023",1.418455646678926,37.704918032786885,61,0.04279875155976697,0.15952722990903934,0.6307679128428051,0.26915228524753876,4.27987515597804,0.6592002001388844
1.5,3.5,20,40,65,1.0,"SCN_024,SCN_023",1.4173684642454836,37.735849056603776,53,0.03716846870302106,0.15903629267708197,0.6311139905992269,0.269861604293214,3.7168468703084767,0.65911214955629
1.2,3.5,28,40,65,1.2,"SCN_024,SCN_023",1.516749490412704,34.375,32,0.023517919621135662,0.1803408804995167,0.6275379826239614,0.2167202784167115,2.351791962112634,0.6589650278462171
1.2,2.0,28,40,70,1.0,"SCN_024,SCN_023",1.2635554881057827,43.13725490196079,51,0.016463586638910784,0.11237988749094573,0.3587765314625541,0.21540431132014315,1.6463586638920369,0.6586576343555265
1.5,2.5,28,35,70,1.0,"SCN_024,SCN_023",1.262940931305887,43.07692307692308,65,0.026349408959576978,0.11236725741301226,0.451999223408403,0.2708388475535676,2.6349408959532816,0.6580294781555938
1.2,3.5,25,40,70,1.2,"SCN_024,SCN_023",1.516162169565341,34.21052631578947,38,0.027833899843153632,0.18033795586223697,0.6289124510135831,0.2156988751545085,2.783389984313866,0.6575117094019348
1.5,3.0,25,40,65,1.0,"SCN_024,SCN_023",1.3345466964857362,40.0,45,0.02438043002381164,0.134952941496476,0.5403135826771677,0.2699111661410206,2.4380430023814617,0.6538863860960845
1.5,3.5,28,40,70,1.0,"SCN_024,SCN_023",1.4050285135467244,37.5,48,0.032676462242743586,0.15480931032280673,0.6297411394415122,0.26892314285573543,3.26764622427516,0.6536415382147035
1.5,3.0,20,35,70,1.2,"SCN_024,SCN_023",1.3300317016673675,40.0,60,0.0322435983982541,0.13382805940422848,0.5414253619283966,0.271384690179264,3.224359839828017,0.6526454069564239
1.2,2.5,25,40,65,1.2,"SCN_024,SCN_023",1.3456574014400882,39.39393939393939,33,0.014983201482282311,0.13748311341854122,0.44869363728444495,0.2167348568237145,1.4983201482234942,0.652052094390626
1.5,3.5,28,40,65,1.2,"SCN_024,SCN_023",1.3959773656532941,37.5,32,0.02142417154103896,0.15121680294034412,0.6294058941946895,0.2705226788115457,2.1424171541053605,0.6509308524758259
1.5,2.5,28,35,65,1.2,"SCN_024,SCN_023",1.2417024210665775,42.857142857142854,42,0.01579179684724295,0.10382786528517102,0.4507083152478317,0.2722320829055944,1.579179684726705,0.6498923519868728
1.5,3.0,25,35,65,1.2,"SCN_024,SCN_023",1.3182922720084906,40.0,45,0.02345718951555682,0.12945154432811604,0.5397455661713357,0.27295189776037737,2.345718951553855,0.6491767875233339
1.2,3.0,25,40,65,1.2,"SCN_024,SCN_023",1.4194463692395802,36.36363636363637,33,0.019088496318727267,0.1567945080001144,0.5383107110718651,0.2167085190948664,1.9088496318701886,0.6482456617316787
1.5,3.0,20,40,70,1.0,"SCN_024,SCN_023",1.3230431257848854,39.682539682539684,63,0.033035570647789426,0.1312073505045213,0.5411969011340413,0.26911488062047756,3.3035570647728862,0.6480382718942109
1.5,2.5,25,40,70,1.0,"SCN_024,SCN_023",1.2414172536096462,42.592592592592595,54,0.020131966678636672,0.10386401632949444,0.450098783247486,0.2690024305425543,2.013196667872998,0.6477154359712406
1.2,3.0,20,40,70,1.2,"SCN_024,SCN_023",1.4211244703854264,36.17021276595745,47,0.027248824133585006,0.15775263042290977,0.5409043628308842,0.2156830584921984,2.7248824133590803,0.6472495169547441
1.5,3.5,25,40,70,1.0,"SCN_024,SCN_023",1.3884288666505589,37.254901960784316,51,0.03344679258605538,0.14949147645028568,0.6292352048883737,0.26908717607101007,3.344679258606775,0.6469211973131191
1.2,2.5,28,35,70,1.2,"SCN_024,SCN_023",1.3332514048965027,39.130434782608695,46,0.02025894952173985,0.13371183869801945,0.4502818878679944,0.21711353676586592,2.0258949521796525,0.6464207791863901
1.5,3.0,25,40,70,1.0,"SCN_024,SCN_023",1.3174356733785924,39.62264150943396,53,0.027329873576818497,0.12904197959281088,0.5401221850540205,0.2690493290140633,2.7329873576844013,0.645889785795945
1.0,3.0,28,40,70,1.2,"SCN_024,SCN_023",1.4974311286133997,33.33333333333333,36,0.021474518341274233,0.17358052655265227,0.5387112973453849,0.17987848891729133,2.147451834129627,0.6449973511019019
1.0,2.5,28,40,70,1.2,"SCN_024,SCN_023",1.4109588529349917,36.11111111111111,36,0.01700103216768184,0.1541172080865133,0.4490016584144522,0.17986601489649207,1.700103216768563,0.6437988225881391
1.5,3.0,28,40,65,1.0,"SCN_024,SCN_023",1.311716208257556,39.53488372093023,43,0.02184873198713831,0.12671683587218927,0.5408263164544506,0.2695836223463761,2.1848731987198793,0.6434656576729031
1.2,2.0,28,35,70,1.0,"SCN_024,SCN_023",1.225882630140975,42.42424242424242,66,0.018610476565190767,0.09802312477845596,0.36071609315830316,0.21681586715565082,1.861047656517754,0.6417704072232429
1.5,3.0,20,35,65,1.2,"SCN_024,SCN_023",1.3024507731480135,39.62264150943396,53,0.02636672647176965,0.12390121441107962,0.5406840247908922,0.2724278710445358,2.636672647183589,0.6415365148785214
1.2,2.0,28,35,65,1.0,"SCN_024,SCN_023",1.222610876951582,42.3728813559322,59,0.016458232788372697,0.09665264262257314,0.36156390375907266,0.21744924456293863,1.6458232788369038,0.6403676959065889
1.2,3.0,25,40,70,1.2,"SCN_024,SCN_023",1.400900068844966,35.8974358974359,39,0.021617411865590838,0.15099174122917733,0.5395686236381361,0.21568878177476578,2.1617411865647624,0.6392214601148422
1.5,2.5,20,40,70,1.0,"SCN_024,SCN_023",1.2229070833532063,42.1875,64,0.022191925109600562,0.09675058017564639,0.4509213568669063,0.269072543903822,2.2191925109650543,0.6389700828116892
1.0,2.0,25,40,65,1.2,"SCN_024,SCN_023",1.2918485623575007,39.39393939393939,33,0.010541839769903163,0.11929585246762446,0.35894433746907733,0.180604620505305,1.0541839769919048,0.6364654884462028
1.5,2.0,25,40,65,1.0,"SCN_024,SCN_023",1.1194976285554161,45.65217391304348,46,0.008067271760010044,0.05528399765447737,0.359891246518933,0.2700395600355121,0.8067271760097904,0.6356475042430244
1.5,2.5,28,40,70,1.0,"SCN_024,SCN_023",1.2126838197223855,42.0,50,0.016580739767559863,0.09249931573076771,0.4501919655157413,0.26882611376108423,1.6580739767591248,0.6343761105570179
1.2,2.0,25,35,65,1.2,"SCN_024,SCN_023",1.2038012994606833,42.22222222222222,45,0.011573983737234813,0.0890405635276174,0.359813228290904,0.21842511399226588,1.1573983737282638,0.6335048415732067
1.5,2.5,25,35,65,1.2,"SCN_024,SCN_023",1.203786077123657,42.22222222222222,45,0.014467110497353133,0.08904056352761738,0.44978296639373777,0.27304481968260097,1.4467110497333917,0.6335012896945673
1.2,3.5,28,40,70,1.2,"SCN_024,SCN_023",1.4558222377787666,33.33333333333333,36,0.023614529471033166,0.16245117952176516,0.6285081165648333,0.2158601854865828,2.3614529471000116,0.6334337187353397
1.5,3.0,25,35,70,1.2,"SCN_024,SCN_023",1.2836002358736471,39.21568627450981,51,0.0238830174931536,0.11693218321291193,0.5404834518763749,0.27165700929716025,2.3883017493155303,0.6327209091020813
1.2,2.5,25,40,70,1.2,"SCN_024,SCN_023",1.3031061642366362,38.46153846153847,39,0.015688587910881326,0.12265834900390142,0.44965313647089344,0.21566409399877143,1.568858791092887,0.6321934708481731
1.5,2.0,28,40,65,1.0,"SCN_024,SCN_023",1.1128930797836627,45.45454545454545,44,0.00730721581621765,0.0523488237829311,0.3601704342727323,0.2696952959928149,0.7307215816270884,0.6320362195497068
1.5,2.0,25,40,70,1.0,"SCN_024,SCN_023",1.1127285528268318,45.45454545454545,55,0.009100187293097407,0.05239904848621953,0.35930695403001545,0.26908850404801027,0.9100187293100808,0.6320062007103276
1.5,3.0,28,35,70,1.2,"SCN_024,SCN_023",1.2835735441720246,39.130434782608695,46,0.02152571196669669,0.11672209063714255,0.5413025409248813,0.27110266214215806,2.152571196667439,0.6319976536738657
1.0,2.0,28,35,70,1.2,"SCN_024,SCN_023",1.279942023466564,39.130434782608695,46,0.014180985328785027,0.11543390642455273,0.36021028036263675,0.180917375487472,1.4180985328782458,0.6309356014738265
1.5,2.5,20,40,65,1.0,"SCN_024,SCN_023",1.201480089393337,41.81818181818181,55,0.017395013390905663,0.08814014985071976,0.4510050187549082,0.2698004403833011,1.7395013390972538,0.6295808337123531
1.2,2.5,20,40,70,1.2,"SCN_024,SCN_023",1.2971585327896156,38.297872340425535,47,0.018584543791384932,0.12075399509268987,0.45069656797380936,0.2156580635995594,1.8584543791413468,0.6291789688897629
1.5,3.0,20,40,65,1.0,"SCN_024,SCN_023",1.2766742812195075,38.88888888888889,54,0.024635044867955,0.11428833921611542,0.5413091672269216,0.2698178189384771,2.463504486795608,0.6280498332650155
1.5,3.0,28,40,70,1.0,"SCN_024,SCN_023",1.2725172102583113,38.775510204081634,49,0.02198213141387896,0.11261391144803028,0.5402389954304617,0.2688775923927753,2.1982131413955157,0.6258937492675974
1.5,2.0,28,40,70,1.0,"SCN_024,SCN_023",1.0975517937860275,45.09803921568628,51,0.007345332765908097,0.045622756349278155,0.35931339162192405,0.26891695466782933,0.734533276605029,0.6244835250004429
1.2,2.0,20,35,70,1.2,"SCN_024,SCN_023",1.1873043229664937,41.66666666666667,60,0.014232479310248892,0.08254915323639091,0.36087334117877157,0.2171024456699678,1.4232479310204138,0.6241292008982471
1.5,2.5,20,35,70,1.2,"SCN_024,SCN_023",1.1872882939685636,41.66666666666667,60,0.017790148872736607,0.0825491532363909,0.4511127750074998,0.27139441394018693,1.7790148872809493,0.62412546079873
1.5,3.5,25,40,65,1.2,"SCN_024,SCN_023",1.3248084336656643,36.36363636363637,33,0.018477375673501228,0.12748753832955748,0.6280364205246337,0.27089045137832607,1.8477375673507563,0.6212789818193389
1.2,2.0,20,35,65,1.2,"SCN_024,SCN_023",1.1734012678240848,41.509433962264154,53,0.011717032344386097,0.07683702775178117,0.36040369308456044,0.21797348430387842,1.1717032344401002,0.6186752721490298
1.5,2.5,20,35,65,1.2,"SCN_024,SCN_023",1.1733863381632497,41.509433962264154,53,0.014645828023349168,0.07683702775178117,0.4505234510043138,0.2724817135403659,1.4645828023435599,0.6186717885615016
1.5,3.5,28,40,70,1.2,"SCN_024,SCN_023",1.3218659920239246,36.11111111111111,36,0.01994710166263758,0.12641678318042807,0.6301570309641158,0.2694491841856721,1.9947101662630473,0.6183937508912093
1.0,2.0,25,40,70,1.2,"SCN_024,SCN_023",1.2509987215585503,38.46153846153847,39,0.010825785425731737,0.10439159052976363,0.35971082889572276,0.1797118287856736,1.082578542579677,0.6169906078109301
1.5,2.5,28,35,70,1.2,"SCN_024,SCN_023",1.1706060619301388,41.30434782608695,46,0.012488918419421681,0.07552067720150761,0.45101141941126616,0.2711231528470536,1.2488918419436101,0.616162976592646
1.2,3.0,20,40,65,1.2,"SCN_024,SCN_023",1.3423287301003994,35.0,40,0.01926914463592766,0.13185921499937922,0.5396969173393046,0.21649393765991723,1.9269144635924174,0.6151865728566565
1.5,2.0,20,40,70,1.0,"SCN_024,SCN_023",1.077562975274116,44.61538461538462,65,0.007515092148296389,0.03668997933362441,0.36001824707258223,0.2691394430630987,0.7515092148333323,0.6144694343759748
1.0,2.0,20,40,70,1.2,"SCN_024,SCN_023",1.2452900530922422,38.297872340425535,47,0.012783190240097612,0.10244549572756252,0.36054321658274735,0.17970547843035084,1.2783190240092774,0.614024907066188
1.5,2.0,20,35,70,1.0,"SCN_024,SCN_023",1.0720574475841935,44.57831325301205,83,0.008983329761285859,0.03424171763261228,0.3612225064291004,0.27101956003818584,0.8983329761201657,0.6124801967325102
1.2,2.0,25,35,70,1.2,"SCN_024,SCN_023",1.1603626383716927,41.17647058823529,51,0.010455999579062337,0.07140506261440714,0.36027722279264796,0.21734072402464719,1.0455999579061914,0.6120638907616786
1.5,2.5,25,35,70,1.2,"SCN_024,SCN_023",1.1603491868308056,41.17647058823529,51,0.013069522632231382,0.07140506261440714,0.4503626550552503,0.2716887830978792,1.3069522632238824,0.6120607520688048
1.5,2.0,25,35,70,1.0,"SCN_024,SCN_023",1.0640823489407694,44.44444444444444,72,0.006952975646036067,0.030541920630373132,0.36079253783812976,0.27125159115534786,0.6952975646062376,0.6089317570801306
1.5,2.0,25,35,65,1.0,"SCN_024,SCN_023",1.062131289351302,44.44444444444444,63,0.005920082289940183,0.029614176589673656,0.3614411113094561,0.2722383682192108,0.592008228992396,0.6083218858358049
1.2,2.5,20,40,65,1.2,"SCN_024,SCN_023",1.2464101560206946,37.5,40,0.013337221685360418,0.10206107436390152,0.44975550332263725,0.2165044152521346,1.3337221685361933,0.607839215465479
1.2,2.5,28,40,65,1.2,"SCN_024,SCN_023",1.2412306580819294,37.5,32,0.010456638008581648,0.09986768917712631,0.4483640878493064,0.21673526266689008,1.0456638008538754,0.6062651017486379
1.5,2.0,28,35,65,1.0,"SCN_024,SCN_023",1.0499235254056638,44.06779661016949,59,0.004474472438596422,0.023916644294457168,0.36192693947997995,0.2715955509883346,0.44744724386443313,0.6015106361917537
1.5,2.5,28,40,65,1.2,"SCN_024,SCN_023",1.137097645393899,40.625,32,0.0070466636529272365,0.06128267644747311,0.4495810056585626,0.2705203530666615,0.7046663652947462,0.6005365633331554
1.5,2.0,28,35,70,1.0,"SCN_024,SCN_023",1.0450372545815452,43.93939393939394,66,0.004512588308771228,0.02164626437756868,0.3610668194009723,0.27080213329063435,0.45125883087472446,0.5989648883137735
1.2,3.0,28,40,65,1.2,"SCN_024,SCN_023",1.300094976126449,34.375,32,0.013656836067566474,0.11717844854807319,0.5378655963106573,0.21670656917422673,1.3656836067584694,0.5978852358541837
1.5,2.0,20,35,65,1.0,"SCN_024,SCN_023",1.038737283726754,43.83561643835616,73,0.004317210934095783,0.018694392719954496,0.36176774733736583,0.27182553222889083,0.4317210934111852,0.5961726964964176
1.2,2.0,28,35,65,1.2,"SCN_024,SCN_023",1.1228148698159597,40.476190476190474,42,0.006692398280774797,0.055501580843934584,0.3599068072071075,0.21796703577763255,0.669239828080015,0.5950499235739035
1.0,2.0,20,40,65,1.2,"SCN_024,SCN_023",1.1965687368876472,37.5,40,0.008865869270885014,0.08367507654014648,0.35979346335784906,0.18041260093107322,0.8865869270909046,0.5931452180304754
1.5,2.0,20,40,65,1.0,"SCN_024,SCN_023",1.0340503652170092,43.63636363636363,55,0.0028490418247929484,0.01642937758482444,0.3605018527552919,0.26990775108538323,0.2849041824801279,0.5931075572390153
1.5,3.0,28,40,65,1.2,"SCN_024,SCN_023",1.1965780273608884,37.5,32,0.010635006014763347,0.08341093663397646,0.5394640951216115,0.2705034269991199,1.0635006014769406,0.5931033624898702
1.0,2.0,28,40,65,1.2,"SCN_024,SCN_023",1.1915947522609658,37.5,32,0.006920652091612283,0.08151588297314213,0.35868295875058215,0.18060651479204998,0.6920652091659854,0.5916247560230824
1.5,3.5,20,40,65,1.2,"SCN_024,SCN_023",1.252833599186961,35.0,40,0.017789722351099043,0.10226273044757311,0.6296507706864393,0.27062071363454704,1.7789722351119273,0.5893716282182198
1.5,3.5,20,40,70,1.2,"SCN_024,SCN_023",1.247583552521357,34.78260869565217,46,0.020024428465312667,0.10041434378059745,0.630649414802601,0.26959825967698414,2.002442846532091,0.5860994224503002
1.2,2.5,28,40,70,1.2,"SCN_024,SCN_023",1.1758103649853127,36.11111111111111,36,0.008727412189728057,0.07484775032320172,0.4489882175450628,0.21583067865742056,0.8727412189651408,0.5757192657726621
1.2,3.0,28,40,70,1.2,"SCN_024,SCN_023",1.2478723212316996,33.33333333333333,36,0.012840495654327242,0.09885700585525967,0.5386946472539752,0.21584525840041957,1.2840495654376327,0.5743130425966064
1.5,2.0,28,35,65,1.2,"SCN_024,SCN_023",0.9933959122717968,42.857142857142854,42,-0.00043143488666828487,-0.0032249696707103356,0.3605390331772541,0.2722019202440174,-0.04314348866584439,0.5741120274421104
1.2,2.0,25,40,65,1.2,"SCN_024,SCN_023",1.076551160843168,39.39393939393939,33,0.003318004562806891,0.03520397450263513,0.3589355872948159,0.2167181089274945,0.33180045628271576,0.5722141150986935
1.5,2.5,25,40,65,1.2,"SCN_024,SCN_023",1.0765419592128842,39.39393939393939,33,0.004147114206407423,0.035203974502635106,0.4486772301864449,0.27090462858913783,0.41471142064102473,0.5722119680516273
1.5,3.5,25,40,70,1.2,"SCN_024,SCN_023",1.212952873345346,34.21052631578947,38,0.01435335119414958,0.08743499477381197,0.6288837633626242,0.26960615217196254,1.435335119415051,0.5712790467691985
1.2,2.0,28,35,70,1.2,"SCN_024,SCN_023",1.0666339134258043,39.130434782608695,46,0.00405036038131584,0.030916051019701015,0.36019794343876166,0.21709024799178978,0.40503603812759764,0.5670773998968408
1.5,3.0,25,40,65,1.2,"SCN_024,SCN_023",1.135575706606282,36.36363636363637,33,0.007711940054468869,0.05912298483932811,0.5382903763946453,0.27087097672791877,0.7711940054494487,0.5657305865904447
1.5,3.0,20,40,70,1.2,"SCN_024,SCN_023",1.1369218857883832,36.17021276595745,47,0.011073533572089218,0.059861957710001815,0.5408726983535699,0.26958275049344166,1.107353357207437,0.5646204684299493
1.5,2.5,28,40,70,1.2,"SCN_024,SCN_023",1.0631739969373344,38.88888888888889,36,0.0037440740206147894,0.029246604152511083,0.45007240030025436,0.269391191006397,0.37440740206282636,0.564059477755241
1.5,3.0,28,40,70,1.2,"SCN_024,SCN_023",1.1330546229861604,36.11111111111111,36,0.008245196674179169,0.058079237075490675,0.5401054324334629,0.2694283023573854,0.8245196674151547,0.562948173764908
1.0,2.0,28,40,70,1.2,"SCN_024,SCN_023",1.128790354282493,36.11111111111111,36,0.005327554948707984,0.05635233717620312,0.35918197753632036,0.1798526179608093,0.5327554948735506,0.5616653610841711
1.5,2.0,25,35,65,1.2,"SCN_024,SCN_023",0.9630639930095108,42.22222222222222,45,-0.0026218403195525752,-0.018412919099918365,0.3597972494896608,0.27301276047172063,-0.26218403196118195,0.5594238896300106
1.5,3.0,25,40,70,1.2,"SCN_024,SCN_023",1.1207402983414791,35.8974358974359,39,0.008137701000123343,0.05306958967681399,0.5395434647757377,0.2695935362737823,0.8137701000157701,0.5575304884053013
1.2,2.0,25,40,70,1.2,"SCN_024,SCN_023",1.0425102563354511,38.46153846153847,39,0.0022001126944087446,0.019902567261136636,0.35969986959905886,0.21564528227247803,0.220011269446411,0.5542617953807691
1.5,2.5,25,40,70,1.2,"SCN_024,SCN_023",1.0425019136983111,38.46153846153847,39,0.0027496705514022325,0.01990256726113662,0.44963258710225357,0.2695634063077919,0.27496705514679687,0.5542598487654364
1.2,2.0,20,40,70,1.2,"SCN_024,SCN_023",1.0377548301889714,38.297872340425535,47,0.002360974156181328,0.017753539383438793,0.36052963617593403,0.21563572536369435,0.2360974156196755,0.5514846956647375
1.5,2.5,20,40,70,1.2,"SCN_024,SCN_023",1.037746504805929,38.297872340425535,47,0.0029506498962655315,0.01775353938343884,0.4506711037143898,0.2695522371457835,0.29506498963129313,0.5514827530753608
1.5,2.0,20,35,70,1.2,"SCN_024,SCN_023",0.9498726944805198,41.66666666666667,60,-0.004760768593550893,-0.025224926725436095,0.3608511604530744,0.2713530248766817,-0.4760768593569988,0.5507661409245487
1.5,2.0,20,35,65,1.2,"SCN_024,SCN_023",0.9387481842484112,41.509433962264154,53,-0.005173195007319009,-0.030985012976337496,0.3603846722601684,0.27244459001473537,-0.5173195007330926,0.5459525458600195
1.5,2.0,28,35,70,1.2,"SCN_024,SCN_023",0.936517639406279,41.30434782608695,46,-0.004646575342358119,-0.032088836923857146,0.36077985246813093,0.2710916567086258,-0.46465753423840644,0.5436074256495179
1.5,2.0,25,35,70,1.2,"SCN_024,SCN_023",0.9283128795526147,41.17647058823529,51,-0.005842238786135568,-0.03644724303325355,0.36025768093192245,0.27165450593972146,-0.5842238786212748,0.5399435627626168
1.5,3.0,20,40,65,1.2,"SCN_024,SCN_023",1.073880299079206,35.0,40,0.0051979053821742125,0.033211436074728456,0.5396691149634744,0.27059911812571225,0.5197905382201236,0.5361073091309361
1.2,2.0,20,40,65,1.2,"SCN_024,SCN_023",0.997151327850463,37.5,40,-0.00015417423071994562,-0.0013500726340706529,0.35978175275623064,0.21648574857647987,-0.015417423068537217,0.5324436310594296
1.5,2.5,20,40,65,1.2,"SCN_024,SCN_023",0.997144195232076,37.5,40,-0.00019320443459946545,-0.0013500726340706442,0.44973354531184756,0.2706129449254887,-0.01932044345950501,0.5324419667818059
1.2,2.0,28,40,65,1.2,"SCN_024,SCN_023",0.9930037431718792,37.5,32,-0.00030324629002279833,-0.003333559823372029,0.35867358370524377,0.21672038167322047,-0.03032462900148536,0.5311452801028765
1.5,2.0,28,40,65,1.2,"SCN_024,SCN_023",0.9096989045005431,40.625,32,-0.004641017604899389,-0.04609597370480466,0.35964540523529764,0.27049958044986466,-0.4641017604885591,0.5295804154326593
1.5,2.0,25,40,65,1.2,"SCN_024,SCN_023",0.8612537596443114,39.39393939393939,33,-0.007516818851436255,-0.07285431373003419,0.3589224627069128,0.27088369501672027,-0.7516818851445384,0.5039683401135154
1.2,2.0,28,40,70,1.2,"SCN_024,SCN_023",0.9406676855805521,36.11111111111111,36,-0.0029450993743193976,-0.029184487779261928,0.35917122571011656,0.2158146031158342,-0.2945099374326707,0.5035139342278073
1.5,2.0,28,40,70,1.2,"SCN_024,SCN_023",0.8505600718418082,38.88888888888889,36,-0.008855980620064657,-0.07901523223315321,0.3600368582514239,0.2693688217055493,-0.8855980620021493,0.4964059225020076
1.5,2.0,25,40,70,1.2,"SCN_024,SCN_023",0.8340217914300447,38.46153846153847,39,-0.010737059676121133,-0.08873748293427554,0.35968343165472927,0.2695398934346208,-1.0737059676099605,0.4875078118702722
1.5,2.0,20,40,70,1.2,"SCN_024,SCN_023",0.8302196077263586,38.297872340425535,47,-0.013270383834533276,-0.09117150350342751,0.36050926709691367,0.2695243169378336,-1.3270383834527277,0.48490563660898334
1.5,2.0,20,40,65,1.2,"SCN_024,SCN_023",0.7977339192337408,37.5,40,-0.013682775150718952,-0.11064249768447702,0.35976418803139876,0.2705896134217046,-1.3682775150716346,0.46769749820712675
